node,state,seat,invested_bb,behind_bb,range_mass,classes_in_range,static_r,legacy_range_ev_bb,coupled_deck_bit_identical,max_diff_vs_terminal_value_f32,unallocated_bb
46,P9,BTN,2.25,28.0,0.3677,126,1.04,2.9301,True,9.9e-08,3e-06
46,P9,SB,2.25,28.0,0.4296,133,0.96,2.2591,True,6.6e-08,3e-06
46,P9,BB,2.25,28.0,0.7855,143,1.0,1.8108,True,9.4e-08,3e-06
46,P0,BTN,2.25,28.0,0.3018,107,1.04,2.9566,True,1.3e-07,1e-06
46,P0,SB,2.25,28.0,0.3648,145,0.96,2.2738,True,9.6e-08,1e-06
46,P0,BB,2.25,28.0,0.7865,147,1.0,1.7696,True,5.5e-08,1e-06
246,P9,CO,2.25,28.0,0.2616,86,1.04,3.1282,True,1.1e-07,4e-06
246,P9,SB,2.25,28.0,0.5471,157,0.96,2.0976,True,6.5e-08,4e-06
246,P9,BB,2.25,28.0,0.8558,150,1.0,1.7742,True,9.1e-08,4e-06
246,P0,CO,2.25,28.0,0.2616,86,1.04,3.1282,True,7.0e-08,4e-06
246,P0,SB,2.25,28.0,0.5471,157,0.96,2.0976,True,1.5e-07,4e-06
246,P0,BB,2.25,28.0,0.8558,150,1.0,1.7742,True,9.7e-08,4e-06
