node,state,actor,on_path_action,reach_factor,mix,takers_gt_half,classes_reached,rw_margin_of_takers_bb,takers_margin_lt_0.05,weakest_takers
46,P9,CO,Fold,0.727,All-in 30 0.011; Fold 0.727; Raise 2 0.262,115,169,0.8812,8,T8s:-0.002 J8s:0.007 JTo:0.007 A4o:0.008 K8o:0.021 K5s:0.034
46,P9,BTN,Raise 2,0.3677,All-in 30 0.041; Fold 0.591; Raise 2 0.368,76,169,0.2531,19,ATo:0.000 AJo:0.000 AQo:0.001 AKo:0.001 QTs:0.002 96s:0.003
46,P9,SB,Call 2,0.4296,3-bet 7 0.001; All-in 30 0.156; Call 2 0.430; Fold 0.413,74,169,0.1579,19,A9s:-0.017 87o:-0.002 86s:-0.001 A4s:0.006 A9o:0.009 Q5o:0.010
46,P9,BB,Call 2,0.7855,3-bet 7 0.000; All-in 30 0.214; Call 2 0.785; Fold 0.000,122,169,0.4836,7,54s:-0.002 QJo:-0.000 K5s:0.005 A6s:0.007 T7s:0.018 K4s:0.018
46,P0,CO,Fold,0.727,All-in 30 0.011; Fold 0.727; Raise 2 0.262,115,169,0.8812,8,T8s:-0.002 J8s:0.007 JTo:0.007 A4o:0.008 K8o:0.021 K5s:0.034
46,P0,BTN,Raise 2,0.3018,All-in 30 0.074; Fold 0.624; Raise 2 0.302,56,169,0.241,13,AJo:-0.000 KJs:-0.000 KTs:0.001 77:0.001 ATo:0.001 Q6s:0.009
46,P0,SB,Call 2,0.3648,3-bet 7 0.014; All-in 30 0.138; Call 2 0.365; Fold 0.483,67,169,0.1098,21,54s:-0.002 A4s:-0.002 JTo:-0.001 A6o:0.001 KJo:0.001 ATo:0.002
46,P0,BB,Call 2,0.7865,3-bet 7 0.000; All-in 30 0.213; Call 2 0.787; Fold 0.000,122,169,0.4893,5,Q8s:-0.003 A6s:0.003 K5s:0.011 97s:0.017 K4s:0.032 Q6s:0.057
246,P9,CO,Raise 2,0.2616,All-in 30 0.011; Fold 0.727; Raise 2 0.262,53,169,0.2006,18,QTs:-0.002 KTs:-0.001 AKo:-0.001 KQo:-0.000 AQo:-0.000 77:0.000
246,P9,BTN,Fold,0.8551,3-bet 6 0.035; All-in 30 0.075; Call 2 0.035; Fold 0.855,138,169,1.1986,1,A7s:0.017 33:0.067 A9o:0.087 QJo:0.090 J9s:0.113 K9s:0.119
246,P9,SB,Call 2,0.5471,3-bet 7 0.000; All-in 30 0.105; Call 2 0.547; Fold 0.348,100,169,0.1572,24,QJs:0.003 Q6o:0.003 33:0.004 74s:0.010 92s:0.012 85o:0.018
246,P9,BB,Call 2,0.8558,3-bet 7 0.000; All-in 30 0.144; Call 2 0.856; Fold 0.000,138,169,0.5055,6,KJs:-0.000 22:0.000 Q9s:0.007 T8s:0.015 J9s:0.024 A9s:0.027
246,P0,CO,Raise 2,0.2616,All-in 30 0.011; Fold 0.727; Raise 2 0.262,53,169,0.2006,18,QTs:-0.002 KTs:-0.001 AKo:-0.001 KQo:-0.000 AQo:-0.000 77:0.000
246,P0,BTN,Fold,0.8551,3-bet 6 0.035; All-in 30 0.075; Call 2 0.035; Fold 0.855,138,169,1.1986,1,A7s:0.017 33:0.067 A9o:0.087 QJo:0.090 J9s:0.113 K9s:0.119
246,P0,SB,Call 2,0.5471,3-bet 7 0.000; All-in 30 0.105; Call 2 0.547; Fold 0.348,100,169,0.1573,24,QJs:0.003 Q6o:0.003 33:0.005 74s:0.010 92s:0.012 85o:0.018
246,P0,BB,Call 2,0.8558,3-bet 7 0.000; All-in 30 0.144; Call 2 0.856; Fold 0.000,138,169,0.5055,6,KJs:-0.000 22:0.000 Q9s:0.007 T8s:0.015 J9s:0.024 A9s:0.027
