node,reach_P0,reach_P9,relative_change,decision,factor_P0,factor_P9,dlog
28,0.08809,0.08352,-0.052,CO:Fold,0.727,0.727,-0.0
28,0.08809,0.08352,-0.052,BTN:Raise 2,0.3018,0.3677,0.1974
28,0.08809,0.08352,-0.052,SB:Fold,0.4831,0.4134,-0.156
28,0.08809,0.08352,-0.052,BB:Call 2,0.831,0.7559,-0.0948
46,0.06296,0.09021,0.4329,CO:Fold,0.727,0.727,-0.0
46,0.06296,0.09021,0.4329,BTN:Raise 2,0.3018,0.3677,0.1974
46,0.06296,0.09021,0.4329,SB:Call 2,0.3648,0.4296,0.1636
46,0.06296,0.09021,0.4329,BB:Call 2,0.7865,0.7855,-0.0013
246,0.10473,0.10472,-0.0,CO:Raise 2,0.2616,0.2616,-0.0
246,0.10473,0.10472,-0.0,BTN:Fold,0.8551,0.8551,0.0
246,0.10473,0.10472,-0.0,SB:Call 2,0.5471,0.5471,0.0
246,0.10473,0.10472,-0.0,BB:Call 2,0.8558,0.8558,-0.0
46 SB flat value,BTN_P0_BB_P0,,,,,,2.2116
46 SB flat value,BTN_P9_BB_P0,,,,,,2.2608
46 SB flat value,BTN_P0_BB_P9,,,,,,2.2106
46 SB flat value,BTN_P9_BB_P9,,,,,,2.2591
