node,seat,class,arriving_reach_normalized,solved_bb,legacy_bb,delta_bb
28,BTN,22,0.0,2.803,3.05,-0.2471
28,BTN,32o,0.0,2.4422,1.9332,0.509
28,BTN,42o,0.0,2.6158,1.9664,0.6494
28,BTN,52o,0.0,2.355,2.0461,0.3089
28,BTN,62o,0.0,3.0415,2.0323,1.0092
28,BTN,72o,0.0,2.4729,2.0823,0.3906
28,BTN,82o,0.0,2.162,2.2524,-0.0905
28,BTN,92o,0.0,2.6206,2.4054,0.2152
28,BTN,T2o,0.0,2.5526,2.5232,0.0294
28,BTN,J2o,0.0,2.3582,2.6272,-0.269
28,BTN,Q2o,0.0,2.7645,2.7752,-0.0107
28,BTN,K2o,0.0,2.8404,2.9807,-0.1403
28,BTN,A2o,1e-06,2.76,3.267,-0.507
28,BTN,32s,0.0,2.7234,2.1205,0.6029
28,BTN,33,0.000534,3.7228,3.2036,0.5192
28,BTN,43o,0.0,2.709,2.0846,0.6244
28,BTN,53o,0.0,2.6374,2.1403,0.4971
28,BTN,63o,0.0,3.1539,2.1412,1.0128
28,BTN,73o,0.0,2.7242,2.201,0.5232
28,BTN,83o,0.0,2.361,2.2695,0.0915
28,BTN,93o,0.0,2.8204,2.4178,0.4026
28,BTN,T3o,0.0,2.7603,2.5597,0.2006
28,BTN,J3o,0.0,2.6071,2.6761,-0.069
28,BTN,Q3o,0.0,3.0039,2.8263,0.1776
28,BTN,K3o,0.0,3.0957,2.9982,0.0975
28,BTN,A3o,0.009908,3.0109,3.2955,-0.2846
28,BTN,42s,0.0,3.0198,2.1577,0.8621
28,BTN,43s,1e-06,3.0768,2.2611,0.8156
28,BTN,44,0.004438,3.9739,3.4211,0.5528
28,BTN,54o,2e-06,2.8481,2.2671,0.5809
28,BTN,64o,0.0,3.2602,2.2583,1.002
28,BTN,74o,0.0,3.1448,2.2927,0.8521
28,BTN,84o,0.0,2.3344,2.3965,-0.0622
28,BTN,94o,0.0,2.7464,2.4928,0.2536
28,BTN,T4o,0.0,2.6933,2.6367,0.0566
28,BTN,J4o,0.0,2.5471,2.7473,-0.2002
28,BTN,Q4o,0.0,2.9285,2.8907,0.0378
28,BTN,K4o,0.0,3.0977,3.0911,0.0066
28,BTN,A4o,0.024609,2.9528,3.3794,-0.4266
28,BTN,52s,5.2e-05,2.6363,2.241,0.3953
28,BTN,53s,0.0,2.8976,2.3424,0.5552
28,BTN,54s,0.008204,3.1955,2.462,0.7335
28,BTN,55,0.000192,4.6351,3.6041,1.0311
28,BTN,65o,0.000103,3.7981,2.3431,1.455
28,BTN,75o,0.000136,2.814,2.3941,0.4198
28,BTN,85o,0.0,2.7246,2.482,0.2426
28,BTN,95o,0.0,2.968,2.5717,0.3963
28,BTN,T5o,0.0,2.782,2.6479,0.134
28,BTN,J5o,0.0,2.5124,2.7881,-0.2757
28,BTN,Q5o,0.0,2.8937,2.9303,-0.0366
28,BTN,K5o,0.0,3.1322,3.1354,-0.0032
28,BTN,A5o,0.024612,3.1163,3.4413,-0.3249
28,BTN,62s,0.0,3.4252,2.2372,1.188
28,BTN,63s,0.0,3.9333,2.345,1.5882
28,BTN,64s,0.0,3.535,2.4527,1.0823
28,BTN,65s,0.008204,3.9344,2.539,1.3954
28,BTN,66,0.012306,3.2744,3.8205,-0.5462
28,BTN,76o,1e-06,3.6562,2.5165,1.1397
28,BTN,86o,1e-06,4.0436,2.6058,1.4378
28,BTN,96o,0.0,3.5941,2.6702,0.9238
28,BTN,T6o,0.0,3.7824,2.7682,1.0142
28,BTN,J6o,0.0,3.3681,2.8215,0.5465
28,BTN,Q6o,0.0,3.8402,3.0214,0.8187
28,BTN,K6o,0.000159,4.0007,3.2246,0.7761
28,BTN,A6o,0.024612,3.8158,3.4735,0.3423
28,BTN,72s,0.0,2.7261,2.3027,0.4234
28,BTN,73s,0.0,2.9746,2.3984,0.5762
28,BTN,74s,3e-06,3.3674,2.5048,0.8626
28,BTN,75s,0.008204,3.0373,2.5916,0.4457
28,BTN,76s,0.008204,3.7783,2.6892,1.0892
28,BTN,77,0.012306,5.2223,3.9989,1.2235
28,BTN,87o,1e-06,3.0575,2.7085,0.3489
28,BTN,97o,0.0,3.1283,2.7584,0.37
28,BTN,T7o,0.0,2.9928,2.8669,0.1259
28,BTN,J7o,0.0,2.9609,2.9131,0.0478
28,BTN,Q7o,0.0,3.3426,3.0702,0.2724
28,BTN,K7o,0.024426,3.3416,3.2991,0.0425
28,BTN,A7o,0.024612,3.409,3.5245,-0.1155
28,BTN,82s,0.0,2.5677,2.4468,0.1208
28,BTN,83s,0.0,2.7664,2.4679,0.2984
28,BTN,84s,0.0,2.8513,2.5873,0.2641
28,BTN,85s,0.008204,3.0958,2.682,0.4138
28,BTN,86s,0.008204,4.3157,2.7855,1.5302
28,BTN,87s,0.0,3.4149,2.8732,0.5416
28,BTN,88,0.012306,4.5643,4.1852,0.3791
28,BTN,98o,2e-06,2.8002,2.8845,-0.0843
28,BTN,T8o,0.02456,3.1456,2.9814,0.1642
28,BTN,J8o,0.0,3.0326,3.0419,-0.0094
28,BTN,Q8o,3e-06,3.0994,3.1938,-0.0944
28,BTN,K8o,0.02461,3.0962,3.351,-0.2548
28,BTN,A8o,0.024612,3.0739,3.6005,-0.5266
28,BTN,92s,0.0,2.8787,2.5916,0.2871
28,BTN,93s,0.0,3.0788,2.6075,0.4714
28,BTN,94s,0.0,3.1301,2.6646,0.4656
28,BTN,95s,3e-06,3.0906,2.7474,0.3431
28,BTN,96s,0.006516,3.7208,2.8459,0.8748
28,BTN,97s,0.008203,3.9824,2.9238,1.0586
28,BTN,98s,0.001762,3.1884,3.0505,0.1379
28,BTN,99,0.012306,5.46,4.3103,1.1497
28,BTN,T9o,0.024278,3.148,3.082,0.066
28,BTN,J9o,1e-06,2.9251,3.1122,-0.1871
28,BTN,Q9o,0.024566,3.3291,3.2778,0.0513
28,BTN,K9o,0.024611,3.565,3.4332,0.1318
28,BTN,A9o,0.024612,3.6086,3.6219,-0.0132
28,BTN,T2s,0.0,2.9703,2.705,0.2653
28,BTN,T3s,0.0,3.1787,2.7184,0.4603
28,BTN,T4s,0.0,3.245,2.7985,0.4465
28,BTN,T5s,0.0,3.0462,2.8239,0.2223
28,BTN,T6s,0.008202,4.0662,2.933,1.1332
28,BTN,T7s,0.008204,3.3775,3.015,0.3624
28,BTN,T8s,0.008204,3.7151,3.1237,0.5914
28,BTN,T9s,0.008197,3.4047,3.207,0.1977
28,BTN,TT,0.012306,5.2777,4.4393,0.8384
28,BTN,JTo,0.02461,3.6475,3.2282,0.4193
28,BTN,QTo,0.024612,3.6896,3.3643,0.3253
28,BTN,KTo,0.024612,3.9184,3.5457,0.3727
28,BTN,ATo,0.019254,3.8188,3.7404,0.0784
28,BTN,J2s,0.0,2.9443,2.8049,0.1393
28,BTN,J3s,0.0,2.9453,2.8329,0.1124
28,BTN,J4s,0.0,3.0192,2.8994,0.1198
28,BTN,J5s,0.0,2.8277,2.9404,-0.1127
28,BTN,J6s,7e-06,3.8091,2.9786,0.8305
28,BTN,J7s,0.008203,3.2517,3.064,0.1877
28,BTN,J8s,0.008204,3.4938,3.1843,0.3094
28,BTN,J9s,0.008204,3.2336,3.2507,-0.0171
28,BTN,JTs,0.0,4.1237,3.3615,0.7622
28,BTN,JJ,0.012306,5.736,4.5062,1.2298
28,BTN,QJo,0.024612,3.8346,3.4019,0.4327
28,BTN,KJo,0.024612,3.9045,3.605,0.2995
28,BTN,AJo,0.020096,3.5674,3.7659,-0.1985
28,BTN,Q2s,0.0,3.2078,2.932,0.2757
28,BTN,Q3s,1e-06,3.4372,2.9536,0.4836
28,BTN,Q4s,0.00815,3.4994,3.0323,0.4671
28,BTN,Q5s,0.008203,3.3011,3.092,0.2091
28,BTN,Q6s,0.008204,4.1382,3.146,0.9922
28,BTN,Q7s,0.008204,3.5595,3.1939,0.3657
28,BTN,Q8s,0.008204,3.6604,3.3124,0.3481
28,BTN,Q9s,0.008204,3.5526,3.3848,0.1678
28,BTN,QTs,0.005113,4.2434,3.4908,0.7526
28,BTN,QJs,0.008204,4.2874,3.5345,0.753
28,BTN,QQ,0.012306,6.0759,4.6566,1.4193
28,BTN,KQo,0.011068,4.4216,3.6938,0.7278
28,BTN,AQo,0.016253,4.2005,3.8174,0.383
28,BTN,K2s,0.008048,3.1855,3.1287,0.0568
28,BTN,K3s,0.008203,3.4193,3.1586,0.2608
28,BTN,K4s,0.008204,3.4194,3.2384,0.181
28,BTN,K5s,0.008204,4.0523,3.2892,0.7631
28,BTN,K6s,0.008204,4.1794,3.3527,0.8267
28,BTN,K7s,0.008204,3.4756,3.4025,0.0731
28,BTN,K8s,0.008204,3.5864,3.4645,0.1219
28,BTN,K9s,0.008204,3.8658,3.5427,0.3232
28,BTN,KTs,0.008189,4.4007,3.6526,0.7482
28,BTN,KJs,0.008204,4.2844,3.6984,0.586
28,BTN,KQs,0.008204,4.8257,3.7873,1.0384
28,BTN,KK,0.012306,7.1866,4.7993,2.3873
28,BTN,AKo,0.01515,4.1728,3.8478,0.325
28,BTN,A2s,0.008204,3.2661,3.401,-0.1349
28,BTN,A3s,0.008204,3.4878,3.445,0.0429
28,BTN,A4s,0.008204,3.6095,3.4916,0.1179
28,BTN,A5s,0.008172,3.4562,3.544,-0.0879
28,BTN,A6s,0.008204,4.1418,3.5661,0.5758
28,BTN,A7s,0.008204,3.8593,3.6224,0.2369
28,BTN,A8s,0.008204,3.742,3.7011,0.0409
28,BTN,A9s,0.008204,4.0446,3.7289,0.3156
28,BTN,ATs,0.008204,4.443,3.8361,0.607
28,BTN,AJs,0.008204,4.0697,3.8646,0.2051
28,BTN,AQs,0.008204,4.7336,3.907,0.8266
28,BTN,AKs,0.008204,4.4366,3.9376,0.499
28,BTN,AA,0.012306,7.7528,4.9443,2.8085
28,BB,22,0.0,0.8294,2.4443,-1.6149
28,BB,32o,0.011971,0.4357,1.6077,-1.172
28,BB,42o,0.01197,0.462,1.599,-1.1369
28,BB,52o,0.011973,0.3883,1.6454,-1.2571
28,BB,62o,0.011972,1.4186,1.5483,-0.1297
28,BB,72o,0.011851,0.4637,1.5214,-1.0577
28,BB,82o,0.011959,0.1107,1.5819,-1.4712
28,BB,92o,2e-06,0.7549,1.607,-0.8521
28,BB,T2o,3e-06,0.6483,1.6622,-1.0139
28,BB,J2o,2e-06,0.2898,1.7755,-1.4857
28,BB,Q2o,0.011972,0.8988,1.8672,-0.9685
28,BB,K2o,0.011973,1.2318,2.0356,-0.8038
28,BB,A2o,0.011972,1.3794,2.3952,-1.0158
28,BB,32s,0.003991,0.8405,1.7777,-0.9372
28,BB,33,3e-05,1.6103,2.4817,-0.8715
28,BB,43o,0.011973,0.6169,1.6631,-1.0462
28,BB,53o,0.011973,0.6566,1.678,-1.0213
28,BB,63o,0.011973,1.1771,1.6272,-0.4501
28,BB,73o,0.011945,0.7712,1.5696,-0.7984
28,BB,83o,0.002744,0.407,1.5548,-1.1478
28,BB,93o,3e-06,1.0486,1.59,-0.5415
28,BB,T3o,1.3e-05,0.9559,1.6547,-0.6988
28,BB,J3o,2.9e-05,0.621,1.7729,-1.1519
28,BB,Q3o,0.011972,1.2348,1.8873,-0.6525
28,BB,K3o,0.011973,1.5973,2.0121,-0.4149
28,BB,A3o,0.011973,1.6627,2.3972,-0.7345
28,BB,42s,0.003991,1.0971,1.7772,-0.6801
28,BB,43s,0.003991,1.2617,1.8379,-0.5762
28,BB,44,0.005986,2.0802,2.5844,-0.5042
28,BB,54o,0.011973,0.9266,1.7586,-0.832
28,BB,64o,0.011972,1.4773,1.7168,-0.2395
28,BB,74o,0.011973,1.3833,1.6399,-0.2566
28,BB,84o,0.011972,0.2232,1.6427,-1.4194
28,BB,94o,0.007591,0.8275,1.633,-0.8056
28,BB,T4o,5e-05,0.7533,1.69,-0.9367
28,BB,J4o,5e-06,0.42,1.8108,-1.3908
28,BB,Q4o,0.011972,1.0152,1.9065,-0.8913
28,BB,K4o,0.011973,1.5354,2.0686,-0.5332
28,BB,A4o,1.4e-05,1.6496,2.4644,-0.8148
28,BB,52s,0.003991,0.7817,1.8092,-1.0275
28,BB,53s,0.003991,1.1216,1.8614,-0.7397
28,BB,54s,0.003991,1.5356,1.9493,-0.4137
28,BB,55,1.4e-05,4.2043,2.6661,1.5382
28,BB,65o,0.011973,1.9907,1.769,0.2217
28,BB,75o,0.011973,0.7882,1.7211,-0.9329
28,BB,85o,0.011964,0.3944,1.7114,-1.317
28,BB,95o,0.001246,1.4728,1.7086,-0.2358
28,BB,T5o,0.011971,1.1516,1.6864,-0.5348
28,BB,J5o,4e-06,0.4955,1.8335,-1.338
28,BB,Q5o,0.011972,1.0769,1.9321,-0.8553
28,BB,K5o,0.011973,2.2459,2.0873,0.1585
28,BB,A5o,0.011973,2.1324,2.5196,-0.3871
28,BB,62s,0.003991,1.8369,1.7511,0.0858
28,BB,63s,0.003991,2.0468,1.8263,0.2204
28,BB,64s,0.003991,1.86,1.8919,-0.0319
28,BB,65s,0.003991,2.3834,1.9577,0.4257
28,BB,66,0.000382,1.2471,2.798,-1.5509
28,BB,76o,0.011973,1.714,1.804,-0.09
28,BB,86o,0.011973,1.9681,1.8029,0.1652
28,BB,96o,0.011972,1.9393,1.7892,0.1501
28,BB,T6o,0.011973,1.911,1.7988,0.1122
28,BB,J6o,0.01197,1.49,1.844,-0.354
28,BB,Q6o,0.011973,2.1571,1.9786,0.1786
28,BB,K6o,0.011973,2.5054,2.168,0.3374
28,BB,A6o,0.011973,2.5013,2.5365,-0.0352
28,BB,72s,0.003991,0.8117,1.7055,-0.8938
28,BB,73s,0.003991,1.1717,1.777,-0.6054
28,BB,74s,0.003991,1.7804,1.8588,-0.0784
28,BB,75s,0.003991,1.2747,1.912,-0.6373
28,BB,76s,0.00399,1.9848,2.0021,-0.0173
28,BB,77,0.0,4.1475,2.9422,1.2052
28,BB,87o,0.011958,0.8647,1.8778,-1.013
28,BB,97o,0.011973,1.6248,1.8451,-0.2203
28,BB,T7o,0.011973,1.083,1.8566,-0.7736
28,BB,J7o,0.011971,0.7815,1.8945,-1.113
28,BB,Q7o,0.011973,1.6971,1.9687,-0.2717
28,BB,K7o,0.011973,1.9287,2.2168,-0.2882
28,BB,A7o,0.011973,2.2027,2.6291,-0.4264
28,BB,82s,0.003991,0.5648,1.7671,-1.2023
28,BB,83s,0.003991,0.8971,1.7654,-0.8682
28,BB,84s,0.003991,0.9584,1.8416,-0.8832
28,BB,85s,0.003991,1.1567,1.9152,-0.7585
28,BB,86s,0.003991,2.4816,2.0098,0.4718
28,BB,87s,2.2e-05,1.5122,2.0699,-0.5577
28,BB,88,0.0,2.1136,3.1241,-1.0105
28,BB,98o,0.011968,0.7612,1.9088,-1.1476
28,BB,T8o,0.011973,1.2132,1.9579,-0.7447
28,BB,J8o,0.011965,0.8079,2.026,-1.2181
28,BB,Q8o,0.01197,1.0771,2.0995,-1.0224
28,BB,K8o,0.011973,1.3443,2.3118,-0.9675
28,BB,A8o,0.011972,1.6656,2.7555,-1.0899
28,BB,92s,0.003991,1.0986,1.7888,-0.6901
28,BB,93s,0.003991,1.4289,1.8123,-0.3834
28,BB,94s,0.003991,1.4426,1.8057,-0.3632
28,BB,95s,0.003991,1.696,1.8996,-0.2036
28,BB,96s,0.003988,2.1201,1.9665,0.1536
28,BB,97s,0.003991,2.7744,2.0108,0.7636
28,BB,98s,0.00399,1.3207,2.1118,-0.7911
28,BB,99,0.0,4.7813,3.2895,1.4919
28,BB,T9o,1.2e-05,1.7596,2.0816,-0.3221
28,BB,J9o,1e-06,1.1579,2.1079,-0.95
28,BB,Q9o,0.011641,1.9921,2.2372,-0.2451
28,BB,K9o,0.011973,2.4274,2.4709,-0.0434
28,BB,A9o,0.011972,2.9252,2.8624,0.0628
28,BB,T2s,0.003991,1.1601,1.8529,-0.6928
28,BB,T3s,0.003991,1.5041,1.8545,-0.3504
28,BB,T4s,0.003991,1.533,1.8711,-0.3381
28,BB,T5s,0.003991,1.5498,1.8994,-0.3496
28,BB,T6s,0.003991,2.3433,1.9818,0.3615
28,BB,T7s,0.003991,1.6806,2.0212,-0.3406
28,BB,T8s,0.003991,1.9983,2.125,-0.1267
28,BB,T9s,0.003991,2.0936,2.2254,-0.1319
28,BB,TT,0.0,4.253,3.5128,0.7403
28,BB,JTo,0.00227,1.8927,2.2837,-0.3911
28,BB,QTo,0.000214,2.1324,2.4049,-0.2725
28,BB,KTo,0.011973,2.8695,2.6649,0.2046
28,BB,ATo,0.01197,3.2205,3.0503,0.1702
28,BB,J2s,0.003991,0.9571,1.9651,-1.008
28,BB,J3s,0.003991,0.971,1.9598,-0.9888
28,BB,J4s,0.003991,1.0202,1.9639,-0.9437
28,BB,J5s,0.003991,0.9195,2.0166,-1.0971
28,BB,J6s,0.003991,1.9712,2.033,-0.0618
28,BB,J7s,0.003991,1.2537,2.0641,-0.8104
28,BB,J8s,0.003987,1.4965,2.1845,-0.688
28,BB,J9s,0.0,1.5631,2.2692,-0.7061
28,BB,JTs,0.003927,2.6182,2.4282,0.1901
28,BB,JJ,0.0,5.0161,3.6654,1.3507
28,BB,QJo,0.011973,2.3111,2.4642,-0.1531
28,BB,KJo,0.005861,2.8463,2.7408,0.1054
28,BB,AJo,0.0,3.0337,3.1196,-0.0859
28,BB,Q2s,0.003991,1.4729,2.0291,-0.5561
28,BB,Q3s,0.003991,1.8219,2.0307,-0.2088
28,BB,Q4s,0.003991,1.8705,2.0601,-0.1895
28,BB,Q5s,0.003991,1.7226,2.1066,-0.384
28,BB,Q6s,0.003991,2.5029,2.1362,0.3667
28,BB,Q7s,0.003991,2.0829,2.1186,-0.0357
28,BB,Q8s,0.003991,1.8973,2.2506,-0.3533
28,BB,Q9s,0.003991,2.3462,2.3606,-0.0144
28,BB,QTs,0.003991,2.9916,2.5373,0.4543
28,BB,QJs,0.003991,3.0291,2.5992,0.4298
28,BB,QQ,0.0,6.3126,3.8704,2.4422
28,BB,KQo,0.006392,3.8568,2.878,0.9788
28,BB,AQo,0.0,4.3979,3.243,1.1549
28,BB,K2s,0.003991,1.7207,2.1989,-0.4782
28,BB,K3s,0.003991,2.0864,2.2193,-0.1328
28,BB,K4s,0.003991,2.0591,2.2395,-0.1804
28,BB,K5s,0.003991,3.5829,2.2688,1.3141
28,BB,K6s,0.003991,2.7704,2.3223,0.4481
28,BB,K7s,0.003991,2.1527,2.3378,-0.1852
28,BB,K8s,0.003991,2.0517,2.4483,-0.3966
28,BB,K9s,0.003991,2.8859,2.6025,0.2834
28,BB,KTs,0.003991,3.5762,2.7966,0.7796
28,BB,KJs,0.003991,3.3838,2.8565,0.5273
28,BB,KQs,0.003991,4.4086,2.9858,1.4228
28,BB,KK,6e-06,9.3519,4.1117,5.2403
28,BB,AKo,0.0,4.9226,3.3849,1.5377
28,BB,A2s,0.003982,2.0945,2.5445,-0.45
28,BB,A3s,0.003989,2.3974,2.552,-0.1546
28,BB,A4s,0.003991,2.6109,2.5963,0.0146
28,BB,A5s,0.003991,2.6632,2.6389,0.0243
28,BB,A6s,0.003991,3.0317,2.6487,0.383
28,BB,A7s,0.003991,2.8473,2.7446,0.1027
28,BB,A8s,0.003991,2.6958,2.8778,-0.1819
28,BB,A9s,0.003991,3.5608,2.9883,0.5725
28,BB,ATs,0.003991,4.1554,3.1692,0.9862
28,BB,AJs,0.0,3.7994,3.241,0.5585
28,BB,AQs,0.0,5.1431,3.3354,1.8077
28,BB,AKs,0.0,5.2077,3.4569,1.7508
28,BB,AA,0.005931,10.4735,4.4616,6.0119
6,SB,22,0.0,2.3867,3.1068,-0.72
6,SB,32o,0.0,1.9069,1.9173,-0.0104
6,SB,42o,0.0,2.0432,1.9522,0.091
6,SB,52o,0.0,2.0707,2.0425,0.0281
6,SB,62o,0.0,2.5417,2.0382,0.5035
6,SB,72o,0.0,1.9239,2.0864,-0.1625
6,SB,82o,0.0,1.4572,2.2594,-0.8022
6,SB,92o,0.0,2.3335,2.4166,-0.0831
6,SB,T2o,0.0,2.2621,2.5827,-0.3206
6,SB,J2o,2e-06,1.5043,2.7564,-1.2521
6,SB,Q2o,0.023018,2.1976,2.9809,-0.7833
6,SB,K2o,0.023019,2.9523,3.1892,-0.2369
6,SB,A2o,4.7e-05,3.2768,3.443,-0.1662
6,SB,32s,0.0,2.3632,2.1152,0.248
6,SB,33,0.0,3.3858,3.286,0.0998
6,SB,43o,0.0,2.2961,2.0943,0.2018
6,SB,53o,0.0,2.5865,2.1519,0.4346
6,SB,63o,0.0,2.6726,2.159,0.5137
6,SB,73o,0.0,2.3395,2.2128,0.1267
6,SB,83o,0.0,1.7859,2.2951,-0.5092
6,SB,93o,0.0,2.6791,2.4555,0.2236
6,SB,T3o,0.0,2.6199,2.6469,-0.027
6,SB,J3o,6e-06,1.931,2.8121,-0.8812
6,SB,Q3o,0.023019,2.6037,3.0483,-0.4446
6,SB,K3o,0.023019,3.3249,3.2384,0.0864
6,SB,A3o,0.018468,3.49,3.4722,0.0178
6,SB,42s,0.0,2.6606,2.1587,0.502
6,SB,43s,0.0,2.877,2.2759,0.6011
6,SB,44,0.0,3.8749,3.5008,0.3741
6,SB,54o,0.0,2.8205,2.2841,0.5364
6,SB,64o,0.0,2.8776,2.2895,0.5882
6,SB,74o,0.0,2.6968,2.3226,0.3742
6,SB,84o,0.0,1.7459,2.4108,-0.6648
6,SB,94o,0.0,2.5676,2.5201,0.0476
6,SB,T4o,1e-06,2.4963,2.6996,-0.2033
6,SB,J4o,0.014296,1.7709,2.8671,-1.0962
6,SB,Q4o,0.023019,2.4739,3.0848,-0.6109
6,SB,K4o,0.023019,3.1823,3.3002,-0.1179
6,SB,A4o,0.0,3.5479,3.5354,0.0125
6,SB,52s,0.0,2.5355,2.2391,0.2964
6,SB,53s,0.0,3.0084,2.361,0.6474
6,SB,54s,0.0,3.3655,2.4806,0.8849
6,SB,55,6e-06,5.059,3.6983,1.3608
6,SB,65o,0.0,4.0443,2.3712,1.6731
6,SB,75o,0.0,2.8931,2.4167,0.4763
6,SB,85o,0.0,2.7324,2.5154,0.2169
6,SB,95o,0.0,3.0903,2.6093,0.481
6,SB,T5o,1e-06,2.8038,2.7256,0.0782
6,SB,J5o,0.023013,2.2176,2.9142,-0.6965
6,SB,Q5o,0.023019,2.9504,3.133,-0.1826
6,SB,K5o,0.023019,3.4839,3.3415,0.1424
6,SB,A5o,0.0,3.7393,3.5974,0.1419
6,SB,62s,0.0,3.1235,2.2488,0.8747
6,SB,63s,0.0,3.6479,2.3675,1.2804
6,SB,64s,0.0,3.3423,2.4803,0.862
6,SB,65s,0.0,4.2966,2.5696,1.727
6,SB,66,0.011508,3.4447,3.9018,-0.457
6,SB,76o,0.0,3.5914,2.5523,1.0391
6,SB,86o,1e-06,4.0618,2.6594,1.4024
6,SB,96o,0.0,3.6913,2.7316,0.9598
6,SB,T6o,2.2e-05,3.908,2.8526,1.0553
6,SB,J6o,0.023017,2.7819,2.9626,-0.1807
6,SB,Q6o,0.023019,3.5555,3.1991,0.3564
6,SB,K6o,0.023019,4.238,3.4034,0.8346
6,SB,A6o,0.0,4.3012,3.5999,0.7013
6,SB,72s,0.0,2.3472,2.3102,0.037
6,SB,73s,0.0,2.7362,2.4146,0.3216
6,SB,74s,0.0,3.0959,2.5339,0.562
6,SB,75s,0.0,3.2501,2.6233,0.6267
6,SB,76s,0.0,3.8496,2.7303,1.1193
6,SB,77,0.011509,5.5797,4.0674,1.5123
6,SB,87o,1e-06,2.9069,2.7523,0.1546
6,SB,97o,5e-06,3.2,2.8135,0.3865
6,SB,T7o,0.023015,3.0003,2.9374,0.063
6,SB,J7o,0.023019,2.6035,3.0503,-0.4468
6,SB,Q7o,0.023019,3.0147,3.2509,-0.2362
6,SB,K7o,0.023019,3.6506,3.484,0.1665
6,SB,A7o,0.0,4.0747,3.6329,0.4418
6,SB,82s,0.0,2.1009,2.4467,-0.3458
6,SB,83s,0.0,2.4087,2.4818,-0.0732
6,SB,84s,0.0,2.5296,2.6062,-0.0765
6,SB,85s,0.0,3.3094,2.7082,0.6012
6,SB,86s,0.0,4.4979,2.8236,1.6743
6,SB,87s,0.0,3.4779,2.9148,0.5631
6,SB,88,0.01151,4.9397,4.2235,0.7163
6,SB,98o,2.8e-05,2.822,2.9344,-0.1124
6,SB,T8o,0.023019,3.2945,3.0607,0.2338
6,SB,J8o,0.023019,2.7996,3.1955,-0.3958
6,SB,Q8o,0.023019,2.9488,3.3816,-0.4328
6,SB,K8o,0.023019,3.5217,3.5441,-0.0224
6,SB,A8o,1e-06,3.7076,3.684,0.0236
6,SB,92s,0.0,2.7887,2.6116,0.1771
6,SB,93s,0.0,3.115,2.6491,0.4659
6,SB,94s,0.0,3.1784,2.6922,0.4862
6,SB,95s,1e-06,3.3117,2.791,0.5207
6,SB,96s,0.0,3.9586,2.9011,1.0574
6,SB,97s,0.0,4.2911,2.9745,1.3167
6,SB,98s,0.0,3.4091,3.0895,0.3196
6,SB,99,0.01151,6.1242,4.3701,1.7541
6,SB,T9o,0.023016,3.199,3.1651,0.0338
6,SB,J9o,0.023019,2.8866,3.2957,-0.4091
6,SB,Q9o,0.023019,3.428,3.5027,-0.0746
6,SB,K9o,0.023019,4.5911,3.6533,0.9377
6,SB,A9o,2e-06,4.5122,3.7039,0.8083
6,SB,T2s,1e-06,2.9095,2.7547,0.1548
6,SB,T3s,1e-06,3.2533,2.7972,0.4561
6,SB,T4s,1.3e-05,3.308,2.856,0.452
6,SB,T5s,0.007637,3.2024,2.8939,0.3085
6,SB,T6s,8e-06,4.358,2.9953,1.3627
6,SB,T7s,0.0,3.5873,3.0814,0.5058
6,SB,T8s,0.0,4.0602,3.1918,0.8685
6,SB,T9s,1.9e-05,3.6019,3.2736,0.3284
6,SB,TT,0.01151,6.0865,4.5248,1.5617
6,SB,JTo,1.4e-05,4.0631,3.4478,0.6153
6,SB,QTo,0.023018,4.2363,3.6063,0.63
6,SB,KTo,0.005192,5.1136,3.7786,1.335
6,SB,ATo,1.1e-05,4.6107,3.7829,0.8278
6,SB,J2s,0.007672,2.347,2.9192,-0.5722
6,SB,J3s,0.007673,2.4695,2.9658,-0.4962
6,SB,J4s,0.007673,2.4998,3.0123,-0.5124
6,SB,J5s,0.007673,2.7102,3.0583,-0.3481
6,SB,J6s,0.007673,3.4594,3.1005,0.3589
6,SB,J7s,0.007673,3.0942,3.1834,-0.0892
6,SB,J8s,0.0,3.5029,3.3183,0.1846
6,SB,J9s,0.003811,3.3587,3.4168,-0.0581
6,SB,JTs,0.007671,4.6364,3.5617,1.0747
6,SB,JJ,0.01151,6.5936,4.6502,1.9434
6,SB,QJo,2e-06,4.3623,3.6527,0.7096
6,SB,KJo,0.005621,4.8701,3.8075,1.0626
6,SB,AJo,3e-05,4.0461,3.8019,0.2442
6,SB,Q2s,0.007673,2.8358,3.1315,-0.2957
6,SB,Q3s,0.007673,3.2162,3.1704,0.0458
6,SB,Q4s,0.007673,3.2755,3.22,0.0555
6,SB,Q5s,0.007673,3.4939,3.2761,0.2178
6,SB,Q6s,0.007673,3.9889,3.3246,0.6643
6,SB,Q7s,0.007673,3.4329,3.3658,0.0671
6,SB,Q8s,0.007673,3.7105,3.4877,0.2229
6,SB,Q9s,0.004936,3.8046,3.5973,0.2072
6,SB,QTs,0.007672,4.8865,3.7231,1.1634
6,SB,QJs,0.007672,4.8859,3.7633,1.1226
6,SB,QQ,0.01151,7.0925,4.7787,2.3138
6,SB,KQo,1.5e-05,5.2902,3.8433,1.4469
6,SB,AQo,9e-06,4.6754,3.8228,0.8526
6,SB,K2s,0.007673,3.4204,3.33,0.0905
6,SB,K3s,0.007673,3.7631,3.3739,0.3891
6,SB,K4s,0.007673,3.6489,3.4305,0.2184
6,SB,K5s,0.007673,4.6559,3.4815,1.1744
6,SB,K6s,0.007673,4.4965,3.5277,0.9688
6,SB,K7s,0.007673,3.8595,3.5707,0.2888
6,SB,K8s,0.007673,4.1269,3.6459,0.481
6,SB,K9s,0.007672,4.923,3.7554,1.1676
6,SB,KTs,0.007672,5.6094,3.863,1.7464
6,SB,KJs,0.00767,5.2607,3.8837,1.377
6,SB,KQs,0.007671,5.6951,3.927,1.7681
6,SB,KK,0.01151,8.1824,4.8885,3.2939
6,SB,AKo,7e-06,4.6198,3.84,0.7798
6,SB,A2s,0.0,3.8635,3.5567,0.3067
6,SB,A3s,0.0,4.0693,3.6098,0.4595
6,SB,A4s,0.0,4.2848,3.6345,0.6503
6,SB,A5s,0.006438,4.105,3.6824,0.4226
6,SB,A6s,2.1e-05,4.6953,3.6802,1.0152
6,SB,A7s,0.003883,4.5397,3.7262,0.8135
6,SB,A8s,0.007661,4.4301,3.7791,0.6509
6,SB,A9s,0.004919,4.9512,3.8012,1.15
6,SB,ATs,0.007656,5.2548,3.8746,1.3802
6,SB,AJs,0.007668,4.5895,3.8902,0.6993
6,SB,AQs,0.007668,5.2263,3.91,1.3163
6,SB,AKs,0.007665,4.8891,3.9217,0.9673
6,SB,AA,0.01151,8.7396,4.9329,3.8067
6,BB,22,1e-06,1.4913,3.0525,-1.5613
6,BB,32o,0.012943,0.8614,1.8985,-1.0371
6,BB,42o,0.012895,0.8998,1.9241,-1.0243
6,BB,52o,0.012946,1.0559,1.9849,-0.9289
6,BB,62o,0.012956,1.7621,1.8852,-0.1231
6,BB,72o,0.012949,0.6831,1.8394,-1.1563
6,BB,82o,0.012957,0.1771,1.9235,-1.7464
6,BB,92o,0.012957,1.1365,1.9402,-0.8037
6,BB,T2o,0.012957,0.9704,1.9964,-1.026
6,BB,J2o,0.012957,0.3482,2.168,-1.8198
6,BB,Q2o,0.012958,1.4041,2.5065,-1.1024
6,BB,K2o,0.012958,2.9949,2.9717,0.0232
6,BB,A2o,0.012892,3.3874,3.3863,0.001
6,BB,32s,0.001173,1.4569,2.1277,-0.6708
6,BB,33,0.0,2.4422,3.1574,-0.7152
6,BB,43o,0.012957,1.1701,2.0282,-0.8581
6,BB,53o,0.012957,1.4622,2.0411,-0.5789
6,BB,63o,0.012957,1.4827,1.9821,-0.4993
6,BB,73o,0.012957,1.0482,1.9214,-0.8732
6,BB,83o,0.012957,0.5344,1.9077,-1.3732
6,BB,93o,0.012957,1.4927,1.9246,-0.4319
6,BB,T3o,0.012958,1.3534,1.996,-0.6426
6,BB,J3o,0.012958,0.7653,2.1712,-1.4059
6,BB,Q3o,0.012958,1.8206,2.5393,-0.7186
6,BB,K3o,0.012958,3.2948,2.9498,0.345
6,BB,A3o,0.000552,3.57,3.3929,0.1771
6,BB,42s,0.004305,1.7817,2.1565,-0.3748
6,BB,43s,5e-06,2.0434,2.2331,-0.1897
6,BB,44,0.0,3.2374,3.3092,-0.0717
6,BB,54o,0.012955,1.7778,2.1726,-0.3948
6,BB,64o,0.012957,1.8747,2.1012,-0.2264
6,BB,74o,0.012957,1.811,2.0218,-0.2109
6,BB,84o,0.012957,0.3949,2.01,-1.6151
6,BB,94o,0.012958,1.3247,1.9911,-0.6664
6,BB,T4o,0.012958,1.1679,2.0436,-0.8756
6,BB,J4o,0.012958,0.5693,2.2424,-1.6732
6,BB,Q4o,0.012958,1.6501,2.602,-0.9519
6,BB,K4o,0.012958,3.3605,3.0611,0.2993
6,BB,A4o,0.001675,3.692,3.4741,0.2179
6,BB,52s,0.003932,1.5994,2.1907,-0.5913
6,BB,53s,0.004295,2.0595,2.27,-0.2105
6,BB,54s,1e-06,2.5556,2.3981,0.1575
6,BB,55,0.004558,4.7903,3.4313,1.359
6,BB,65o,0.012957,3.2494,2.1719,1.0775
6,BB,75o,0.012957,1.7246,2.089,-0.3645
6,BB,85o,0.012957,1.376,2.0755,-0.6994
6,BB,95o,0.012958,2.1569,2.0509,0.106
6,BB,T5o,0.012958,1.8168,2.0423,-0.2256
6,BB,J5o,0.012958,1.2238,2.2854,-1.0616
6,BB,Q5o,0.012958,2.3231,2.6568,-0.3338
6,BB,K5o,0.012958,3.7314,3.0905,0.6408
6,BB,A5o,0.009539,3.822,3.5421,0.28
6,BB,62s,0.004319,2.4652,2.1279,0.3373
6,BB,63s,0.004302,2.7513,2.2151,0.5362
6,BB,64s,1.8e-05,2.5922,2.3323,0.2599
6,BB,65s,1e-06,3.742,2.3972,1.3448
6,BB,66,0.0,2.3242,3.5579,-1.2337
6,BB,76o,0.012955,2.4912,2.221,0.2702
6,BB,86o,0.012956,2.9123,2.2321,0.6802
6,BB,96o,0.012957,2.6162,2.1609,0.4554
6,BB,T6o,0.012958,2.6958,2.1877,0.5081
6,BB,J6o,0.012958,1.8416,2.3354,-0.4937
6,BB,Q6o,0.012958,2.9724,2.7577,0.2148
6,BB,K6o,0.012958,4.495,3.1896,1.3054
6,BB,A6o,0.012946,4.4525,3.5291,0.9234
6,BB,72s,0.004319,1.2636,2.0792,-0.8156
6,BB,73s,0.004317,1.6814,2.1596,-0.4781
6,BB,74s,8e-06,2.4606,2.2866,0.174
6,BB,75s,4e-06,2.2851,2.341,-0.056
6,BB,76s,1e-06,2.9769,2.4531,0.5238
6,BB,77,0.0,6.2019,3.7184,2.4835
6,BB,87o,0.005466,1.5876,2.2881,-0.7005
6,BB,97o,0.010189,2.4358,2.2425,0.1934
6,BB,T7o,0.012957,1.7455,2.2771,-0.5317
6,BB,J7o,0.012958,1.4753,2.4789,-1.0036
6,BB,Q7o,0.012958,2.6559,2.8484,-0.1925
6,BB,K7o,0.012958,4.2574,3.3127,0.9447
6,BB,A7o,0.012926,4.3301,3.5727,0.7574
6,BB,82s,0.004318,0.962,2.124,-1.1619
6,BB,83s,0.004318,1.327,2.1147,-0.7877
6,BB,84s,2.9e-05,1.5002,2.2486,-0.7484
6,BB,85s,0.001561,2.2794,2.3271,-0.0477
6,BB,86s,1e-06,3.7253,2.4498,1.2755
6,BB,87s,1e-06,2.4703,2.5028,-0.0326
6,BB,88,0.0,3.8632,3.9205,-0.0573
6,BB,98o,4.4e-05,1.3632,2.3495,-0.9863
6,BB,T8o,0.012957,2.0481,2.4465,-0.3983
6,BB,J8o,0.012958,1.5605,2.6697,-1.1092
6,BB,Q8o,0.012958,2.3072,3.0419,-0.7347
6,BB,K8o,0.012957,3.8054,3.4244,0.381
6,BB,A8o,0.0,3.8782,3.6216,0.2566
6,BB,92s,0.004319,1.699,2.1901,-0.4911
6,BB,93s,0.004213,2.0754,2.1588,-0.0835
6,BB,94s,0.004318,2.1863,2.1901,-0.0038
6,BB,95s,8e-06,2.4508,2.2917,0.1591
6,BB,96s,2e-06,3.0582,2.4039,0.6543
6,BB,97s,1e-06,3.9732,2.4602,1.513
6,BB,98s,1e-06,2.2235,2.5645,-0.341
6,BB,99,0.0,6.7312,4.0938,2.6374
6,BB,T9o,0.004761,2.1684,2.5931,-0.4247
6,BB,J9o,0.012958,1.7454,2.8562,-1.1108
6,BB,Q9o,0.012958,3.2979,3.2265,0.0715
6,BB,K9o,0.012952,5.338,3.6072,1.7308
6,BB,A9o,0.0,4.9122,3.6609,1.2513
6,BB,T2s,0.004319,1.8283,2.2221,-0.3938
6,BB,T3s,0.002858,2.2278,2.2316,-0.0038
6,BB,T4s,0.000245,2.3452,2.2814,0.0638
6,BB,T5s,0.004319,2.3747,2.2878,0.0868
6,BB,T6s,9.6e-05,3.441,2.392,1.049
6,BB,T7s,3e-06,2.619,2.4595,0.1595
6,BB,T8s,2e-06,3.2237,2.6297,0.594
6,BB,T9s,1e-06,2.7964,2.7658,0.0307
6,BB,TT,0.0,5.8743,4.3402,1.5341
6,BB,JTo,0.012888,3.3455,3.0634,0.282
6,BB,QTo,0.012957,4.2336,3.4186,0.815
6,BB,KTo,0.005196,6.1632,3.7958,2.3674
6,BB,ATo,0.0,5.0319,3.8016,1.2304
6,BB,J2s,0.004318,1.3942,2.3839,-0.9896
6,BB,J3s,0.004319,1.4368,2.3817,-0.9449
6,BB,J4s,0.004319,1.5491,2.4476,-0.8985
6,BB,J5s,0.004318,1.7872,2.4874,-0.7002
6,BB,J6s,0.004319,2.6935,2.538,0.1556
6,BB,J7s,0.004319,2.1557,2.6676,-0.512
6,BB,J8s,0.00414,2.5559,2.8615,-0.3057
6,BB,J9s,0.00284,2.4079,3.0175,-0.6097
6,BB,JTs,0.0,4.2457,3.2378,1.0078
6,BB,JJ,0.0,6.669,4.6261,2.0428
6,BB,QJo,4e-06,4.803,3.5556,1.2474
6,BB,KJo,0.0,6.3513,3.9177,2.4336
6,BB,AJo,0.0,4.7579,3.9024,0.8555
6,BB,Q2s,0.004319,2.2912,2.716,-0.4249
6,BB,Q3s,0.004319,2.7008,2.703,-0.0022
6,BB,Q4s,0.004319,2.8556,2.7888,0.0668
6,BB,Q5s,0.004319,3.0791,2.8457,0.2335
6,BB,Q6s,0.004319,3.6456,2.9225,0.7231
6,BB,Q7s,0.004319,3.2662,2.9958,0.2704
6,BB,Q8s,0.004319,3.4634,3.1845,0.2789
6,BB,Q9s,0.004319,3.8369,3.3524,0.4845
6,BB,QTs,0.0,5.2278,3.571,1.6568
6,BB,QJs,0.0,5.5375,3.6924,1.8451
6,BB,QQ,0.0,8.7379,4.9854,3.7524
6,BB,KQo,0.0,7.5425,4.0766,3.4659
6,BB,AQo,0.0,6.2913,4.0257,2.2657
6,BB,K2s,0.004319,3.6853,3.1287,0.5565
6,BB,K3s,0.004319,3.9837,3.1345,0.8492
6,BB,K4s,0.004319,4.064,3.2214,0.8425
6,BB,K5s,0.004319,5.4373,3.276,2.1613
6,BB,K6s,0.004319,4.936,3.3415,1.5944
6,BB,K7s,0.004319,4.5065,3.4197,1.0868
6,BB,K8s,0.004319,4.7252,3.5481,1.1771
6,BB,K9s,0.004281,5.7633,3.7258,2.0374
6,BB,KTs,0.0,6.905,3.9265,2.9785
6,BB,KJs,0.0,6.8602,4.0205,2.8397
6,BB,KQs,0.0,8.0237,4.1702,3.8535
6,BB,KK,0.0,11.2394,5.3,5.9394
6,BB,AKo,0.0,6.2372,4.1075,2.1297
6,BB,A2s,0.0,4.3244,3.5402,0.7842
6,BB,A3s,0.0,4.5095,3.5745,0.935
6,BB,A4s,0.0,4.854,3.6013,1.2527
6,BB,A5s,0.0,4.4692,3.6529,0.8163
6,BB,A6s,0.0,5.1477,3.6302,1.5175
6,BB,A7s,0.0,5.0205,3.6977,1.3228
6,BB,A8s,0.0,5.0376,3.7556,1.282
6,BB,A9s,0.0,5.5533,3.7928,1.7606
6,BB,ATs,0.0,6.0695,3.9203,2.1492
6,BB,AJs,0.0,5.5637,4.012,1.5517
6,BB,AQs,0.0,7.0558,4.1147,2.9411
6,BB,AKs,0.0,6.6102,4.2077,2.4025
6,BB,AA,0.0,12.7694,5.3471,7.4223
228,CO,22,2.1e-05,3.1781,3.0687,0.1094
228,CO,32o,0.0,2.8035,1.9163,0.8872
228,CO,42o,0.0,3.0145,1.9468,1.0676
228,CO,52o,0.0,2.7845,2.0293,0.7552
228,CO,62o,0.0,3.3713,2.0128,1.3586
228,CO,72o,0.0,2.9165,2.053,0.8635
228,CO,82o,0.0,2.7003,2.2093,0.491
228,CO,92o,0.0,3.0437,2.3644,0.6793
228,CO,T2o,0.0,3.0795,2.5278,0.5517
228,CO,J2o,0.0,2.8333,2.6787,0.1545
228,CO,Q2o,0.0,3.2412,2.8533,0.3879
228,CO,K2o,0.0,3.1801,3.0334,0.1467
228,CO,A2o,3e-06,2.87,3.2981,-0.4282
228,CO,32s,0.0,3.079,2.1101,0.969
228,CO,33,0.017297,3.7953,3.238,0.5573
228,CO,43o,0.0,3.0302,2.0685,0.9617
228,CO,53o,0.0,2.9919,2.126,0.8659
228,CO,63o,0.0,3.4231,2.1262,1.2969
228,CO,73o,0.0,3.0965,2.1674,0.9291
228,CO,83o,0.0,2.8233,2.2311,0.5922
228,CO,93o,0.0,3.1828,2.3884,0.7944
228,CO,T3o,0.0,3.2202,2.5768,0.6434
228,CO,J3o,0.0,3.012,2.7305,0.2814
228,CO,Q3o,0.0,3.4266,2.9162,0.5104
228,CO,K3o,0.0,3.3794,3.0674,0.3121
228,CO,A3o,1.4e-05,3.099,3.3277,-0.2287
228,CO,42s,0.0,3.4021,2.1484,1.2537
228,CO,43s,0.0,3.3996,2.2552,1.1444
228,CO,44,0.017297,4.0085,3.4385,0.5699
228,CO,54o,0.0,3.2722,2.2512,1.0209
228,CO,64o,0.0,3.5273,2.2472,1.2801
228,CO,74o,0.0,3.4714,2.2681,1.2033
228,CO,84o,0.0,2.8675,2.3551,0.5125
228,CO,94o,0.0,3.1834,2.4557,0.7277
228,CO,T4o,0.0,3.2233,2.6373,0.5859
228,CO,J4o,0.0,3.0165,2.7919,0.2245
228,CO,Q4o,0.0,3.4221,2.9586,0.4635
228,CO,K4o,0.0,3.3497,3.1384,0.2113
228,CO,A4o,0.002113,3.0466,3.4038,-0.3572
228,CO,52s,0.0,3.0985,2.2291,0.8694
228,CO,53s,0.0,3.2896,2.3327,0.957
228,CO,54s,0.0,3.6553,2.4479,1.2074
228,CO,55,0.017297,4.5663,3.6204,0.946
228,CO,65o,0.0,4.1144,2.3353,1.7791
228,CO,75o,0.0,3.2736,2.371,0.9026
228,CO,85o,0.0,3.3048,2.4534,0.8515
228,CO,95o,0.0,3.3887,2.5525,0.8362
228,CO,T5o,0.0,3.2597,2.662,0.5977
228,CO,J5o,0.0,2.9287,2.8437,0.085
228,CO,Q5o,0.0,3.3224,3.007,0.3155
228,CO,K5o,0.0,3.3496,3.1784,0.1712
228,CO,A5o,0.034588,3.1239,3.4624,-0.3385
228,CO,62s,0.0,3.7523,2.2239,1.5284
228,CO,63s,0.0,4.1534,2.3324,1.8209
228,CO,64s,0.0,3.8071,2.4445,1.3625
228,CO,65s,0.0,4.2935,2.5338,1.7597
228,CO,66,0.017297,3.4911,3.8307,-0.3396
228,CO,76o,0.0,3.9197,2.5022,1.4175
228,CO,86o,0.0,4.443,2.5993,1.8437
228,CO,96o,0.0,3.929,2.67,1.259
228,CO,T6o,0.0,4.2307,2.7937,1.437
228,CO,J6o,0.0,3.6759,2.8844,0.7915
228,CO,Q6o,0.0,4.1397,3.0746,1.0651
228,CO,K6o,1e-06,4.0951,3.2507,0.8444
228,CO,A6o,0.021191,3.7725,3.4724,0.3001
228,CO,72s,0.0,3.1587,2.2775,0.8812
228,CO,73s,0.0,3.3315,2.3737,0.9578
228,CO,74s,0.0,3.6851,2.4836,1.2014
228,CO,75s,0.0,3.5127,2.579,0.9337
228,CO,76s,0.0,4.0451,2.69,1.3551
228,CO,77,0.012706,5.155,4.0042,1.1508
228,CO,87o,0.0,3.5971,2.7011,0.896
228,CO,97o,0.0,3.5492,2.7668,0.7824
228,CO,T7o,0.0,3.542,2.8928,0.6493
228,CO,J7o,0.0,3.4422,2.9804,0.4618
228,CO,Q7o,0.0,3.7435,3.1181,0.6254
228,CO,K7o,7e-06,3.5569,3.3257,0.2312
228,CO,A7o,0.034593,3.4377,3.5211,-0.0834
228,CO,82s,0.0,3.0941,2.406,0.6881
228,CO,83s,0.0,3.2132,2.4322,0.781
228,CO,84s,0.0,3.3611,2.5511,0.81
228,CO,85s,0.0,3.6924,2.6557,1.0367
228,CO,86s,0.0,4.7133,2.774,1.9394
228,CO,87s,0.0,3.9305,2.8669,1.0636
228,CO,88,0.017297,4.7892,4.1843,0.6049
228,CO,98o,0.0,3.3476,2.8827,0.4648
228,CO,T8o,0.0,3.8673,3.0143,0.8531
228,CO,J8o,0.0,3.651,3.1122,0.5388
228,CO,Q8o,1e-06,3.5882,3.2411,0.3472
228,CO,K8o,0.000135,3.4301,3.3743,0.0558
228,CO,A8o,0.034595,3.1449,3.6015,-0.4565
228,CO,92s,0.0,3.2875,2.5535,0.7339
228,CO,93s,0.0,3.4333,2.5895,0.8438
228,CO,94s,0.0,3.5385,2.6357,0.9028
228,CO,95s,0.0,3.5241,2.7347,0.7894
228,CO,96s,0.0,4.063,2.8448,1.2182
228,CO,97s,0.0,4.3712,2.9261,1.4451
228,CO,98s,1e-06,3.6977,3.0519,0.6458
228,CO,99,0.017297,5.5698,4.3418,1.228
228,CO,T9o,1e-06,3.7058,3.1198,0.586
228,CO,J9o,3e-06,3.4086,3.2114,0.1972
228,CO,Q9o,0.025874,3.6806,3.3552,0.3254
228,CO,K9o,0.034582,3.7749,3.4797,0.2951
228,CO,A9o,0.034595,3.6525,3.648,0.0045
228,CO,T2s,0.0,3.4731,2.701,0.7721
228,CO,T3s,0.0,3.6234,2.7401,0.8833
228,CO,T4s,0.0,3.7368,2.8,0.9368
228,CO,T5s,0.0,3.5412,2.8399,0.7013
228,CO,T6s,0.0,4.5019,2.95,1.5519
228,CO,T7s,0.0,3.8915,3.0371,0.8543
228,CO,T8s,0.004545,4.3578,3.1531,1.2047
228,CO,T9s,0.01134,3.9034,3.2374,0.666
228,CO,TT,0.017297,5.5622,4.4982,1.064
228,CO,JTo,0.001162,4.2601,3.3329,0.9272
228,CO,QTo,0.034589,4.0878,3.4382,0.6495
228,CO,KTo,0.034594,4.1703,3.5825,0.5879
228,CO,ATo,0.034595,3.8122,3.7557,0.0565
228,CO,J2s,0.0,3.3792,2.8565,0.5227
228,CO,J3s,0.0,3.3346,2.8951,0.4395
228,CO,J4s,0.0,3.4509,2.9422,0.5086
228,CO,J5s,0.0,3.2622,2.993,0.2692
228,CO,J6s,0.0,4.1165,3.0357,1.0808
228,CO,J7s,1e-06,3.7057,3.1213,0.5844
228,CO,J8s,8.7e-05,4.0732,3.2476,0.8255
228,CO,J9s,0.011524,3.6757,3.3392,0.3365
228,CO,JTs,3e-06,4.654,3.4541,1.1999
228,CO,JJ,0.017298,6.0204,4.6027,1.4178
228,CO,QJo,0.034593,4.1562,3.477,0.6792
228,CO,KJo,0.034595,4.0729,3.6342,0.4387
228,CO,AJo,0.034595,3.5305,3.8071,-0.2766
228,CO,Q2s,0.0,3.6201,3.0114,0.6087
228,CO,Q3s,0.0,3.8125,3.0417,0.7708
228,CO,Q4s,0.0,3.9274,3.0984,0.829
228,CO,Q5s,0.0,3.7169,3.1596,0.5573
228,CO,Q6s,1e-06,4.4022,3.2057,1.1965
228,CO,Q7s,7e-06,3.9297,3.239,0.6907
228,CO,Q8s,0.011503,4.075,3.3616,0.7134
228,CO,Q9s,0.011531,3.8725,3.4554,0.4171
228,CO,QTs,0.008941,4.5644,3.561,1.0034
228,CO,QJs,0.011365,4.5443,3.603,0.9413
228,CO,QQ,0.017298,6.2408,4.722,1.5188
228,CO,KQo,0.032931,4.3863,3.7075,0.6789
228,CO,AQo,0.028819,4.1367,3.8496,0.2871
228,CO,K2s,0.0,3.5044,3.185,0.3194
228,CO,K3s,2e-06,3.7056,3.2212,0.4844
228,CO,K4s,1e-06,3.6656,3.2808,0.3847
228,CO,K5s,2.5e-05,4.2221,3.3291,0.893
228,CO,K6s,0.008418,4.2764,3.381,0.8954
228,CO,K7s,0.011519,3.6666,3.4206,0.2461
228,CO,K8s,0.011531,3.8612,3.4886,0.3726
228,CO,K9s,0.011531,4.0487,3.589,0.4597
228,CO,KTs,0.008994,4.5988,3.689,0.9099
228,CO,KJs,0.009024,4.3977,3.7261,0.6716
228,CO,KQs,0.011239,4.7562,3.7982,0.958
228,CO,KK,0.017298,6.9824,4.8374,2.145
228,CO,AKo,0.022725,4.0475,3.8691,0.1784
228,CO,A2s,0.011528,3.3157,3.4219,-0.1062
228,CO,A3s,0.011531,3.5422,3.4727,0.0695
228,CO,A4s,0.011531,3.6344,3.5105,0.1239
228,CO,A5s,0.011532,3.4632,3.5556,-0.0924
228,CO,A6s,0.011532,4.071,3.5672,0.5039
228,CO,A7s,0.011532,3.8245,3.6196,0.205
228,CO,A8s,0.011532,3.7361,3.7061,0.03
228,CO,A9s,0.011532,4.0435,3.7487,0.2948
228,CO,ATs,0.011532,4.3862,3.8501,0.5361
228,CO,AJs,0.011532,3.986,3.9009,0.0851
228,CO,AQs,0.011532,4.604,3.9331,0.6709
228,CO,AKs,0.011532,4.3049,3.9497,0.3552
228,CO,AA,0.017298,7.3498,4.978,2.3718
228,BB,22,0.003605,0.6648,2.3058,-1.641
228,BB,32o,0.010131,0.3272,1.5337,-1.2065
228,BB,42o,0.010131,0.3769,1.5378,-1.1609
228,BB,52o,0.010131,0.2832,1.5846,-1.3014
228,BB,62o,0.010131,1.4862,1.497,-0.0107
228,BB,72o,0.010131,0.419,1.4706,-1.0516
228,BB,82o,0.010131,0.0537,1.5056,-1.4519
228,BB,92o,0.010131,0.5651,1.4937,-0.9286
228,BB,T2o,0.010131,0.4999,1.5291,-1.0292
228,BB,J2o,0.010131,0.2153,1.5847,-1.3694
228,BB,Q2o,0.010131,0.8342,1.6056,-0.7714
228,BB,K2o,0.010131,0.9052,1.7786,-0.8733
228,BB,A2o,0.010131,0.8845,2.1507,-1.2663
228,BB,32s,0.003377,0.7328,1.7127,-0.9799
228,BB,33,3e-06,1.5445,2.3637,-0.8192
228,BB,43o,0.010131,0.5289,1.622,-1.0931
228,BB,53o,0.010131,0.5512,1.619,-1.0678
228,BB,63o,0.010131,1.196,1.5802,-0.3843
228,BB,73o,0.010131,0.7011,1.5258,-0.8247
228,BB,83o,0.010131,0.3328,1.4792,-1.1463
228,BB,93o,0.010131,0.8469,1.4902,-0.6433
228,BB,T3o,0.010131,0.7915,1.5223,-0.7309
228,BB,J3o,0.010131,0.5115,1.5761,-1.0646
228,BB,Q3o,0.010131,1.1597,1.6207,-0.461
228,BB,K3o,0.010131,1.2642,1.7527,-0.4885
228,BB,A3o,0.010131,1.2223,2.1286,-0.9064
228,BB,42s,0.003377,1.0171,1.7178,-0.7006
228,BB,43s,0.003377,1.1824,1.7859,-0.6035
228,BB,44,6.2e-05,1.9446,2.4713,-0.5267
228,BB,54o,0.010131,0.8755,1.7262,-0.8507
228,BB,64o,0.010131,1.541,1.6893,-0.1484
228,BB,74o,0.010131,1.4067,1.6269,-0.2202
228,BB,84o,0.010131,0.1841,1.5852,-1.4011
228,BB,94o,0.010131,0.6862,1.5407,-0.8545
228,BB,T4o,0.010131,0.6162,1.5866,-0.9704
228,BB,J4o,0.010131,0.3229,1.6358,-1.3129
228,BB,Q4o,0.010131,0.9675,1.6687,-0.7013
228,BB,K4o,0.010131,1.2481,1.8319,-0.5838
228,BB,A4o,0.010131,1.0745,2.2061,-1.1316
228,BB,52s,0.003377,0.6982,1.7531,-1.0548
228,BB,53s,0.003377,1.0364,1.801,-0.7646
228,BB,54s,4e-06,1.5153,1.9173,-0.4019
228,BB,55,0.00506,4.012,2.5816,1.4304
228,BB,65o,0.010131,1.9658,1.7443,0.2216
228,BB,75o,0.010131,0.675,1.672,-0.997
228,BB,85o,0.010131,0.2608,1.6335,-1.3727
228,BB,95o,0.010131,1.3173,1.5872,-0.2699
228,BB,T5o,0.010131,1.0498,1.5502,-0.5004
228,BB,J5o,0.010131,0.2979,1.6232,-1.3253
228,BB,Q5o,0.010131,0.9268,1.6505,-0.7237
228,BB,K5o,0.010131,1.9917,1.8135,0.1782
228,BB,A5o,0.010131,1.7407,2.2372,-0.4966
228,BB,62s,0.003377,1.8721,1.6976,0.1745
228,BB,63s,0.003377,2.0495,1.7785,0.271
228,BB,64s,0.003377,1.8963,1.8625,0.0338
228,BB,65s,0.003377,2.4055,1.9319,0.4737
228,BB,66,0.005064,1.125,2.7061,-1.5812
228,BB,76o,0.010131,1.7363,1.7734,-0.0371
228,BB,86o,0.010131,2.0165,1.7436,0.2729
228,BB,96o,0.010131,1.8647,1.6801,0.1847
228,BB,T6o,0.010131,1.8392,1.6698,0.1694
228,BB,J6o,0.010131,1.5063,1.6441,-0.1378
228,BB,Q6o,0.010131,2.1572,1.7019,0.4553
228,BB,K6o,0.010131,2.2216,1.9011,0.3205
228,BB,A6o,0.010131,2.1991,2.2558,-0.0566
228,BB,72s,0.003377,0.7246,1.6468,-0.9222
228,BB,73s,0.003377,1.0697,1.7231,-0.6534
228,BB,74s,0.003377,1.7599,1.8272,-0.0673
228,BB,75s,0.003377,1.186,1.8651,-0.6791
228,BB,76s,0.003377,1.9819,1.9652,0.0167
228,BB,77,0.005058,4.2466,2.8075,1.4392
228,BB,87o,0.010131,0.754,1.8159,-1.0619
228,BB,97o,0.010131,1.6453,1.7482,-0.1029
228,BB,T7o,0.010131,0.9221,1.7407,-0.8186
228,BB,J7o,0.010131,0.6356,1.6907,-1.0551
228,BB,Q7o,0.010131,1.7401,1.677,0.063
228,BB,K7o,0.010131,1.578,1.9121,-0.3341
228,BB,A7o,0.010131,1.6012,2.3408,-0.7396
228,BB,82s,0.003377,0.4772,1.7076,-1.2304
228,BB,83s,0.003377,0.7985,1.6958,-0.8973
228,BB,84s,0.003377,0.8915,1.8023,-0.9108
228,BB,85s,0.003377,1.0602,1.8439,-0.7837
228,BB,86s,0.003377,2.5199,1.949,0.5709
228,BB,87s,0.003376,1.3676,2.0172,-0.6496
228,BB,88,0.0,1.8248,2.9593,-1.1346
228,BB,98o,0.010131,0.5693,1.7979,-1.2287
228,BB,T8o,0.010131,1.051,1.7867,-0.7357
228,BB,J8o,0.010131,0.6326,1.7805,-1.1479
228,BB,Q8o,0.010131,0.96,1.7806,-0.8207
228,BB,K8o,0.010131,0.8854,1.9521,-1.0667
228,BB,A8o,0.010131,1.1017,2.4667,-1.365
228,BB,92s,0.003377,0.8794,1.6668,-0.7874
228,BB,93s,0.003377,1.206,1.7127,-0.5067
228,BB,94s,0.003377,1.2732,1.7236,-0.4503
228,BB,95s,0.003377,1.5555,1.7873,-0.2318
228,BB,96s,0.003377,2.0145,1.8636,0.151
228,BB,97s,0.000408,2.8302,1.9231,0.907
228,BB,98s,0.003281,1.1194,1.9981,-0.8787
228,BB,99,0.0,4.9561,3.1322,1.8239
228,BB,T9o,0.010131,1.5275,1.8496,-0.3221
228,BB,J9o,0.010131,0.8514,1.8388,-0.9873
228,BB,Q9o,0.010131,1.9967,1.9,0.0967
228,BB,K9o,0.010131,1.8238,2.1061,-0.2823
228,BB,A9o,0.010131,2.3103,2.6296,-0.3193
228,BB,T2s,0.003377,0.9965,1.7298,-0.7333
228,BB,T3s,0.003377,1.3307,1.7415,-0.4108
228,BB,T4s,0.003377,1.3921,1.7662,-0.3741
228,BB,T5s,0.003377,1.4706,1.7744,-0.3038
228,BB,T6s,0.003377,2.2699,1.8666,0.4033
228,BB,T7s,0.003377,1.5053,1.901,-0.3957
228,BB,T8s,0.003376,1.8665,1.9681,-0.1017
228,BB,T9s,0.0,1.8942,2.001,-0.1069
228,BB,TT,0.0,4.1449,3.3391,0.8058
228,BB,JTo,3e-05,1.5837,1.981,-0.3972
228,BB,QTo,0.010131,1.6151,2.0691,-0.454
228,BB,KTo,0.010131,2.2265,2.3095,-0.0829
228,BB,ATo,0.010131,2.4574,2.8379,-0.3805
228,BB,J2s,0.003377,0.8212,1.7854,-0.9642
228,BB,J3s,0.003377,0.812,1.772,-0.96
228,BB,J4s,0.003377,0.871,1.7846,-0.9136
228,BB,J5s,0.003377,0.7421,1.8197,-1.0775
228,BB,J6s,0.003377,1.9336,1.8421,0.0915
228,BB,J7s,0.003377,1.0548,1.8681,-0.8132
228,BB,J8s,0.003059,1.3008,1.9594,-0.6586
228,BB,J9s,0.0,1.2244,2.0167,-0.7923
228,BB,JTs,0.0,2.3781,2.156,0.2221
228,BB,JJ,0.0,4.7194,3.5102,1.2092
228,BB,QJo,0.010131,2.0132,2.1854,-0.1723
228,BB,KJo,0.010131,2.2219,2.4166,-0.1947
228,BB,AJo,0.01013,2.2702,2.97,-0.6998
228,BB,Q2s,0.003377,1.3409,1.7852,-0.4443
228,BB,Q3s,0.003377,1.6918,1.7944,-0.1025
228,BB,Q4s,0.003377,1.7593,1.829,-0.0697
228,BB,Q5s,0.003377,1.5969,1.8628,-0.2659
228,BB,Q6s,0.003377,2.4585,1.8695,0.589
228,BB,Q7s,0.003377,2.0418,1.8435,0.1983
228,BB,Q8s,0.003377,1.7329,1.9467,-0.2138
228,BB,Q9s,0.003377,2.276,2.0383,0.2377
228,BB,QTs,0.0,2.5539,2.2207,0.3332
228,BB,QJs,0.001749,2.7857,2.315,0.4707
228,BB,QQ,0.0,6.3806,3.77,2.6106
228,BB,KQo,0.010131,3.4171,2.6316,0.7855
228,BB,AQo,0.0,4.2647,3.1675,1.0972
228,BB,K2s,0.003377,1.3713,1.9574,-0.5861
228,BB,K3s,0.003377,1.7505,2.0006,-0.25
228,BB,K4s,0.003377,1.7633,2.0151,-0.2518
228,BB,K5s,0.003377,3.2783,2.0156,1.2628
228,BB,K6s,0.003377,2.4881,2.0611,0.4269
228,BB,K7s,0.003377,1.82,2.0335,-0.2135
228,BB,K8s,0.003377,1.6005,2.1041,-0.5036
228,BB,K9s,0.003377,2.3061,2.2544,0.0517
228,BB,KTs,2e-05,3.0068,2.4628,0.5441
228,BB,KJs,0.0,2.8196,2.5566,0.2631
228,BB,KQs,0.0,4.0391,2.7433,1.2958
228,BB,KK,0.0,10.0297,4.0268,6.0029
228,BB,AKo,0.0,4.8683,3.3201,1.5481
228,BB,A2s,0.003377,1.592,2.2935,-0.7016
228,BB,A3s,0.003377,1.9487,2.3032,-0.3545
228,BB,A4s,0.003377,2.0791,2.3295,-0.2504
228,BB,A5s,0.003368,2.3029,2.3815,-0.0786
228,BB,A6s,0.003377,2.6894,2.3965,0.2929
228,BB,A7s,0.003377,2.2594,2.4567,-0.1973
228,BB,A8s,0.003377,2.1212,2.6065,-0.4853
228,BB,A9s,0.003377,2.9743,2.7808,0.1935
228,BB,ATs,0.003376,3.4626,2.9668,0.4958
228,BB,AJs,0.0,3.1161,3.0963,0.0198
228,BB,AQs,0.0,5.0399,3.2448,1.7951
228,BB,AKs,0.0,5.1585,3.3816,1.7769
228,BB,AA,0.0,11.738,4.4995,7.2384
1371,CO,22,3.4e-05,3.9843,5.8862,-1.9019
1371,CO,32o,0.0,2.314,4.0589,-1.7449
1371,CO,42o,0.0,2.3458,4.039,-1.6933
1371,CO,52o,0.0,1.9844,4.0408,-2.0564
1371,CO,62o,0.0,4.4843,3.8285,0.6558
1371,CO,72o,0.0,2.6264,3.7531,-1.1267
1371,CO,82o,0.0,1.3063,3.8139,-2.5075
1371,CO,92o,0.0,2.1503,3.7692,-1.6189
1371,CO,T2o,0.0,1.5174,3.2594,-1.742
1371,CO,J2o,0.0,1.4187,3.4916,-2.0728
1371,CO,Q2o,0.0,2.1848,3.8443,-1.6595
1371,CO,K2o,0.0,2.9915,3.9486,-0.9571
1371,CO,A2o,4e-06,1.281,3.8504,-2.5694
1371,CO,32s,0.0,3.0317,4.5079,-1.4762
1371,CO,33,0.028257,5.2439,5.9758,-0.7319
1371,CO,43o,0.0,3.1136,4.262,-1.1485
1371,CO,53o,0.0,3.2598,4.2037,-0.944
1371,CO,63o,0.0,3.8154,4.0454,-0.23
1371,CO,73o,0.0,3.5969,4.0105,-0.4136
1371,CO,83o,0.0,2.2063,3.681,-1.4747
1371,CO,93o,0.0,3.1368,3.6848,-0.548
1371,CO,T3o,0.0,2.4638,3.4195,-0.9557
1371,CO,J3o,0.0,2.1363,3.5008,-1.3645
1371,CO,Q3o,0.0,3.2544,3.7902,-0.5357
1371,CO,K3o,0.0,4.2384,3.8582,0.3801
1371,CO,A3o,1.4e-05,2.6463,3.7307,-1.0844
1371,CO,42s,0.0,3.4056,4.5776,-1.172
1371,CO,43s,0.0,4.2312,4.8188,-0.5876
1371,CO,44,0.023682,4.8006,6.0055,-1.2049
1371,CO,54o,0.0,3.4676,4.3997,-0.9321
1371,CO,64o,0.0,4.9235,4.2708,0.6527
1371,CO,74o,0.0,3.6921,4.1259,-0.4338
1371,CO,84o,0.0,2.016,4.1006,-2.0846
1371,CO,94o,0.0,2.89,3.7821,-0.8921
1371,CO,T4o,0.0,2.3686,3.5437,-1.1751
1371,CO,J4o,0.0,1.9954,3.6807,-1.6853
1371,CO,Q4o,0.0,2.9511,3.9453,-0.9942
1371,CO,K4o,0.0,3.2842,3.9608,-0.6766
1371,CO,A4o,0.003031,2.1511,4.0437,-1.8926
1371,CO,52s,0.0,2.9059,4.5702,-1.6642
1371,CO,53s,0.0,4.2042,4.6942,-0.4899
1371,CO,54s,0.0,4.7595,4.9561,-0.1967
1371,CO,55,0.028244,9.9404,6.1411,3.7993
1371,CO,65o,0.0,6.2349,4.4812,1.7536
1371,CO,75o,0.0,3.4892,4.3087,-0.8195
1371,CO,85o,0.0,2.8655,4.207,-1.3415
1371,CO,95o,0.0,4.3398,3.866,0.4738
1371,CO,T5o,0.0,3.4785,3.4516,0.0269
1371,CO,J5o,0.0,1.6083,3.5546,-1.9463
1371,CO,Q5o,0.0,2.7019,3.9942,-1.2923
1371,CO,K5o,0.0,5.3821,3.994,1.3881
1371,CO,A5o,0.040864,3.8948,4.0124,-0.1175
1371,CO,62s,0.0,5.2286,4.3707,0.8579
1371,CO,63s,0.0,5.274,4.7078,0.5663
1371,CO,64s,0.0,5.3744,4.7535,0.621
1371,CO,65s,0.0,6.8147,4.9811,1.8336
1371,CO,66,0.02823,4.35,6.308,-1.958
1371,CO,76o,0.0,5.6402,4.3767,1.2635
1371,CO,86o,0.0,6.1986,4.4988,1.6997
1371,CO,96o,0.0,5.2898,4.17,1.1198
1371,CO,T6o,0.0,5.0927,3.704,1.3887
1371,CO,J6o,0.0,4.3402,3.5822,0.758
1371,CO,Q6o,0.0,5.2217,3.9708,1.2509
1371,CO,K6o,1e-06,5.8498,4.1237,1.7262
1371,CO,A6o,0.020168,4.0953,3.9961,0.0992
1371,CO,72s,0.0,2.9312,4.1602,-1.2291
1371,CO,73s,0.0,4.0873,4.4496,-0.3623
1371,CO,74s,0.0,4.2372,4.7118,-0.4745
1371,CO,75s,0.0,4.4692,4.7487,-0.2795
1371,CO,76s,0.0,5.7822,5.1629,0.6192
1371,CO,77,0.020753,7.1274,6.4632,0.6642
1371,CO,87o,0.0,3.5812,4.5314,-0.9502
1371,CO,97o,0.0,4.3993,4.356,0.0433
1371,CO,T7o,0.0,3.2965,3.9504,-0.6539
1371,CO,J7o,0.0,2.7898,3.6977,-0.908
1371,CO,Q7o,0.0,4.4263,3.9186,0.5077
1371,CO,K7o,8e-06,3.8227,4.1118,-0.2891
1371,CO,A7o,0.001405,2.8985,3.9361,-1.0377
1371,CO,82s,0.0,2.0042,4.33,-2.3258
1371,CO,83s,0.0,3.0927,4.3081,-1.2153
1371,CO,84s,0.0,3.1622,4.5586,-1.3964
1371,CO,85s,0.0,4.1874,4.6233,-0.436
1371,CO,86s,0.0,6.7112,4.9917,1.7195
1371,CO,87s,0.0,4.4596,5.1974,-0.7378
1371,CO,88,0.015663,4.7046,6.5637,-1.8591
1371,CO,98o,0.0,2.5463,4.4176,-1.8713
1371,CO,T8o,0.0,3.1319,4.0806,-0.9487
1371,CO,J8o,0.0,2.3888,3.7894,-1.4006
1371,CO,Q8o,1e-06,2.3493,4.1292,-1.7799
1371,CO,K8o,0.00018,2.9543,4.1144,-1.1601
1371,CO,A8o,0.000201,1.2759,3.8908,-2.6148
1371,CO,92s,0.0,2.5859,4.1445,-1.5586
1371,CO,93s,0.0,3.7627,4.4126,-0.6499
1371,CO,94s,0.0,3.7807,4.3646,-0.5839
1371,CO,95s,0.0,4.7888,4.548,0.2408
1371,CO,96s,0.0,5.4536,4.6794,0.7742
1371,CO,97s,0.0,6.5285,4.8465,1.6821
1371,CO,98s,1e-06,3.4581,5.0177,-1.5596
1371,CO,99,0.008669,9.238,6.6696,2.5684
1371,CO,T9o,1e-06,4.4341,4.1543,0.2798
1371,CO,J9o,3e-06,2.2726,3.9547,-1.6821
1371,CO,Q9o,0.042247,4.0496,4.2192,-0.1696
1371,CO,K9o,0.056478,3.9016,4.1206,-0.219
1371,CO,A9o,0.000104,2.2379,3.8487,-1.6108
1371,CO,T2s,0.0,2.3525,3.9782,-1.6258
1371,CO,T3s,0.0,3.5069,4.0099,-0.503
1371,CO,T4s,0.0,3.6851,4.0314,-0.3463
1371,CO,T5s,0.0,4.3197,4.0569,0.2628
1371,CO,T6s,0.0,5.6626,4.2552,1.4073
1371,CO,T7s,0.0,4.1849,4.4638,-0.2789
1371,CO,T8s,0.000103,4.3918,4.6052,-0.2134
1371,CO,T9s,3.6e-05,4.8473,4.5387,0.3086
1371,CO,TT,0.022199,7.1645,7.3261,-0.1616
1371,CO,JTo,0.000436,2.7099,3.9113,-1.2014
1371,CO,QTo,0.054643,2.561,4.01,-1.449
1371,CO,KTo,0.000834,4.0164,3.8671,0.1493
1371,CO,ATo,0.056513,2.3765,4.781,-2.4045
1371,CO,J2s,0.0,2.4075,4.1113,-1.7038
1371,CO,J3s,0.0,2.5744,4.0468,-1.4724
1371,CO,J4s,0.0,2.6769,4.0803,-1.4034
1371,CO,J5s,0.0,2.4101,4.1885,-1.7785
1371,CO,J6s,0.0,5.0814,4.2434,0.838
1371,CO,J7s,1e-06,3.0917,4.3228,-1.2312
1371,CO,J8s,0.000137,3.2032,4.538,-1.3349
1371,CO,J9s,0.018822,2.633,4.5017,-1.8687
1371,CO,JTs,5e-06,3.7944,4.5317,-0.7373
1371,CO,JJ,2.2e-05,7.472,8.0809,-0.6089
1371,CO,QJo,0.032623,2.738,3.9675,-1.2295
1371,CO,KJo,0.014864,3.4647,3.9797,-0.5149
1371,CO,AJo,0.056514,4.4645,6.7474,-2.2828
1371,CO,Q2s,0.0,2.8549,4.2792,-1.4244
1371,CO,Q3s,0.0,4.1118,4.3571,-0.2453
1371,CO,Q4s,0.0,4.0973,4.4988,-0.4015
1371,CO,Q5s,0.0,3.9805,4.5987,-0.6182
1371,CO,Q6s,1e-06,5.5819,4.5002,1.0817
1371,CO,Q7s,1e-05,4.7192,4.4664,0.2529
1371,CO,Q8s,0.01879,3.4587,4.5309,-1.0722
1371,CO,Q9s,0.018836,4.471,4.6366,-0.1655
1371,CO,QTs,0.014605,4.0567,4.4614,-0.4047
1371,CO,QJs,0.018565,3.7435,4.518,-0.7746
1371,CO,QQ,0.0,10.738,8.3381,2.3999
1371,CO,KQo,0.053795,4.1365,4.7131,-0.5766
1371,CO,AQo,0.047078,8.9825,8.1586,0.8239
1371,CO,K2s,0.0,3.6582,4.3955,-0.7373
1371,CO,K3s,3e-06,5.0463,4.4811,0.5652
1371,CO,K4s,2e-06,4.089,4.4051,-0.3161
1371,CO,K5s,4e-05,7.7396,4.588,3.1516
1371,CO,K6s,0.01375,6.19,4.6106,1.5794
1371,CO,K7s,0.018817,4.2172,4.4332,-0.216
1371,CO,K8s,0.018836,4.1169,4.6238,-0.5069
1371,CO,K9s,0.018837,4.7847,4.6798,0.1049
1371,CO,KTs,0.01465,5.2816,4.4238,0.8578
1371,CO,KJs,0.014738,4.1467,4.5436,-0.3969
1371,CO,KQs,0.018358,5.3328,5.1626,0.1702
1371,CO,KK,0.0,16.6728,9.0036,7.6692
1371,CO,AKo,0.000241,11.7288,8.3288,3.4001
1371,CO,A2s,0.012244,2.5217,4.4605,-1.9388
1371,CO,A3s,0.00016,4.0213,4.4731,-0.4518
1371,CO,A4s,0.018824,3.9164,4.3863,-0.47
1371,CO,A5s,5.4e-05,4.785,4.5561,0.229
1371,CO,A6s,0.01841,4.9346,4.3245,0.6101
1371,CO,A7s,0.018687,4.1979,4.25,-0.0521
1371,CO,A8s,0.018834,3.0482,4.3947,-1.3465
1371,CO,A9s,0.01881,3.6445,4.3797,-0.7352
1371,CO,ATs,0.005405,4.4638,5.4516,-0.9879
1371,CO,AJs,0.018838,5.6224,7.1,-1.4776
1371,CO,AQs,0.003789,10.4781,8.2542,2.2239
1371,CO,AKs,0.0,12.0181,8.4705,3.5475
1371,CO,AA,0.0,25.1309,12.0204,13.1105
1371,BTN,22,0.0,7.3233,6.6308,0.6926
1371,BTN,32o,0.0,5.7697,4.3907,1.379
1371,BTN,42o,0.0,6.6469,4.4112,2.2357
1371,BTN,52o,0.0,5.8105,4.5519,1.2586
1371,BTN,62o,0.0,6.5553,4.3021,2.2533
1371,BTN,72o,0.0,7.7008,4.3543,3.3465
1371,BTN,82o,0.0,6.0407,4.4896,1.5511
1371,BTN,92o,0.0,7.3043,4.4077,2.8966
1371,BTN,T2o,0.0,6.5532,4.4062,2.147
1371,BTN,J2o,0.0,5.7612,4.5783,1.183
1371,BTN,Q2o,0.0,7.4459,4.5885,2.8575
1371,BTN,K2o,0.0,7.3445,5.3153,2.0292
1371,BTN,A2o,0.0,5.0289,6.4118,-1.3828
1371,BTN,32s,0.0,6.4269,4.89,1.5369
1371,BTN,33,0.0,7.8024,6.8048,0.9975
1371,BTN,43o,0.0,6.6757,4.669,2.0067
1371,BTN,53o,0.0,6.4298,4.6987,1.7312
1371,BTN,63o,0.0,6.7373,4.5839,2.1534
1371,BTN,73o,0.0,7.9216,4.4961,3.4255
1371,BTN,83o,0.0,6.2018,4.3921,1.8097
1371,BTN,93o,0.0,7.5704,4.3697,3.2007
1371,BTN,T3o,0.0,6.8585,4.4523,2.4062
1371,BTN,J3o,0.0,5.9529,4.6013,1.3515
1371,BTN,Q3o,0.0,7.7329,4.6201,3.1128
1371,BTN,K3o,0.0,7.6117,5.3002,2.3114
1371,BTN,A3o,0.0,5.2831,6.345,-1.0618
1371,BTN,42s,0.0,7.4912,4.9093,2.5819
1371,BTN,43s,0.0,7.5126,5.094,2.4187
1371,BTN,44,0.0,9.193,7.1874,2.0056
1371,BTN,54o,0.0,7.121,4.958,2.163
1371,BTN,64o,0.0,7.3424,4.8763,2.4661
1371,BTN,74o,0.0,8.8915,4.785,4.1066
1371,BTN,84o,0.0,6.7977,4.7014,2.0963
1371,BTN,94o,0.0,8.0473,4.5001,3.5471
1371,BTN,T4o,0.0,7.3961,4.6007,2.7954
1371,BTN,J4o,0.0,6.4704,4.7084,1.762
1371,BTN,Q4o,0.0,8.1735,4.7693,3.4042
1371,BTN,K4o,0.0,7.5569,5.5049,2.052
1371,BTN,A4o,0.0,5.8407,6.5787,-0.738
1371,BTN,52s,0.0,6.5616,5.0085,1.5532
1371,BTN,53s,0.0,7.145,5.2236,1.9213
1371,BTN,54s,0.0,7.9891,5.4801,2.509
1371,BTN,55,0.0,9.6014,7.5667,2.0347
1371,BTN,65o,0.0,8.4369,5.0535,3.3835
1371,BTN,75o,0.0,7.9658,4.8838,3.082
1371,BTN,85o,0.0,7.3891,4.8511,2.538
1371,BTN,95o,0.0,7.7149,4.6551,3.0598
1371,BTN,T5o,0.0,6.4735,4.5606,1.9129
1371,BTN,J5o,0.0,5.6465,4.7333,0.9132
1371,BTN,Q5o,0.0,7.2641,4.7596,2.5046
1371,BTN,K5o,0.0,7.8321,5.4961,2.3361
1371,BTN,A5o,0.0,5.6652,6.7212,-1.056
1371,BTN,62s,0.0,7.3604,4.9117,2.4487
1371,BTN,63s,0.0,8.1045,5.1684,2.9361
1371,BTN,64s,0.0,7.9756,5.3273,2.6483
1371,BTN,65s,0.0,8.9587,5.561,3.3977
1371,BTN,66,0.009122,7.657,8.0799,-0.4229
1371,BTN,76o,0.0,8.8606,5.2014,3.6592
1371,BTN,86o,0.0,9.3149,5.1627,4.1522
1371,BTN,96o,0.0,8.1817,4.9436,3.2382
1371,BTN,T6o,0.0,8.5545,4.8841,3.6704
1371,BTN,J6o,0.0,6.5798,4.8139,1.7659
1371,BTN,Q6o,0.0,8.3444,4.8906,3.4537
1371,BTN,K6o,0.0,8.2565,5.7295,2.527
1371,BTN,A6o,0.0,5.8896,6.8131,-0.9235
1371,BTN,72s,0.0,8.0131,4.8307,3.1823
1371,BTN,73s,0.0,8.2477,5.0587,3.189
1371,BTN,74s,0.0,9.0033,5.3436,3.6597
1371,BTN,75s,0.0,8.4166,5.4314,2.9852
1371,BTN,76s,0.0,9.0375,5.7538,3.2837
1371,BTN,77,0.001211,12.2232,8.3835,3.8397
1371,BTN,87o,0.0,8.9224,5.4444,3.478
1371,BTN,97o,0.0,9.1735,5.1761,3.9975
1371,BTN,T7o,0.0,8.9214,5.1915,3.7298
1371,BTN,J7o,0.0,8.4111,4.9724,3.4386
1371,BTN,Q7o,0.0,9.1552,4.901,4.2543
1371,BTN,K7o,0.0,8.4563,5.9078,2.5485
1371,BTN,A7o,0.0,7.3451,7.0072,0.3379
1371,BTN,82s,0.0,6.792,5.0406,1.7514
1371,BTN,83s,0.0,6.9419,4.9989,1.943
1371,BTN,84s,0.0,7.7407,5.2915,2.4492
1371,BTN,85s,0.0,8.2393,5.4131,2.8262
1371,BTN,86s,0.0,9.8493,5.7041,4.1451
1371,BTN,87s,0.0,9.4155,5.9774,3.4381
1371,BTN,88,3.9e-05,10.8859,8.8531,2.0328
1371,BTN,98o,0.0,7.8991,5.3258,2.5732
1371,BTN,T8o,0.0,8.7861,5.2855,3.5006
1371,BTN,J8o,0.0,7.9856,5.2474,2.7381
1371,BTN,Q8o,0.0,8.066,5.2098,2.8562
1371,BTN,K8o,0.0,7.9433,6.0744,1.8688
1371,BTN,A8o,0.0,5.5574,7.2706,-1.7132
1371,BTN,92s,0.0,7.636,4.8763,2.7597
1371,BTN,93s,0.0,7.885,5.0355,2.8494
1371,BTN,94s,0.0,8.5533,5.0101,3.5432
1371,BTN,95s,0.0,7.8518,5.2213,2.6305
1371,BTN,96s,0.0,8.3284,5.4379,2.8905
1371,BTN,97s,0.0,10.8016,5.6786,5.1229
1371,BTN,98s,0.0,8.3843,5.8796,2.5047
1371,BTN,99,0.00813,13.1081,9.3082,3.7999
1371,BTN,T9o,0.0,8.3504,5.3333,3.0171
1371,BTN,J9o,0.0,7.7482,5.2677,2.4805
1371,BTN,Q9o,0.0,9.0383,5.5609,3.4773
1371,BTN,K9o,0.0,9.5216,6.6272,2.8944
1371,BTN,A9o,1e-06,7.5689,7.6636,-0.0947
1371,BTN,T2s,0.0,7.335,5.0321,2.3029
1371,BTN,T3s,0.0,7.6192,5.1074,2.5118
1371,BTN,T4s,0.0,8.3759,5.1066,3.2694
1371,BTN,T5s,0.0,7.0879,5.1915,1.8964
1371,BTN,T6s,0.0,9.0815,5.4238,3.6577
1371,BTN,T7s,0.0,9.4178,5.5681,3.8496
1371,BTN,T8s,0.0,9.6289,5.7703,3.8586
1371,BTN,T9s,0.0,8.5359,5.7321,2.8038
1371,BTN,TT,0.001886,13.1171,9.8476,3.2694
1371,BTN,JTo,0.0,9.054,5.7717,3.2823
1371,BTN,QTo,0.0,9.115,6.1339,2.9811
1371,BTN,KTo,0.0,10.0,7.0739,2.9261
1371,BTN,ATo,0.23889,6.6499,8.0959,-1.4461
1371,BTN,J2s,0.0,6.685,5.1514,1.5336
1371,BTN,J3s,0.0,6.5169,5.103,1.4139
1371,BTN,J4s,0.0,7.2809,5.1548,2.1261
1371,BTN,J5s,0.0,6.4258,5.2605,1.1653
1371,BTN,J6s,0.0,7.428,5.3309,2.0971
1371,BTN,J7s,0.0,8.7687,5.4987,3.27
1371,BTN,J8s,0.0,8.7328,5.6934,3.0394
1371,BTN,J9s,0.0,8.0707,5.8065,2.2642
1371,BTN,JTs,0.0,9.743,6.2555,3.4875
1371,BTN,JJ,2.9e-05,14.564,10.3645,4.1995
1371,BTN,QJo,0.0,9.5288,6.5747,2.9541
1371,BTN,KJo,1e-06,9.5505,7.2465,2.3041
1371,BTN,AJo,0.255117,5.7624,8.6253,-2.8629
1371,BTN,Q2s,0.0,7.9849,5.0985,2.8864
1371,BTN,Q3s,0.0,8.2679,5.1179,3.15
1371,BTN,Q4s,0.0,8.9312,5.2018,3.7294
1371,BTN,Q5s,0.0,8.0028,5.3638,2.639
1371,BTN,Q6s,0.0,8.6997,5.3808,3.3189
1371,BTN,Q7s,0.0,9.1676,5.3547,3.8129
1371,BTN,Q8s,0.0,8.8813,5.6404,3.2408
1371,BTN,Q9s,0.0,9.0245,5.9503,3.0742
1371,BTN,QTs,0.0,9.9047,6.5653,3.3394
1371,BTN,QJs,0.0,10.1303,6.8835,3.2468
1371,BTN,QQ,0.027332,15.3466,11.1588,4.1878
1371,BTN,KQo,0.042329,10.7216,7.9616,2.76
1371,BTN,AQo,0.061311,9.7879,9.4428,0.3451
1371,BTN,K2s,0.0,8.1144,5.8114,2.303
1371,BTN,K3s,0.0,8.3858,5.9755,2.4103
1371,BTN,K4s,0.0,8.1549,5.9944,2.1605
1371,BTN,K5s,0.0,9.7149,6.0548,3.6601
1371,BTN,K6s,0.0,8.8053,6.1698,2.6354
1371,BTN,K7s,0.0,8.5625,6.1665,2.3959
1371,BTN,K8s,0.0,8.8986,6.4818,2.4168
1371,BTN,K9s,0.0,9.9263,7.0203,2.906
1371,BTN,KTs,0.0,10.85,7.4596,3.3904
1371,BTN,KJs,1e-06,10.2218,7.6188,2.603
1371,BTN,KQs,1e-06,11.3638,8.2207,3.1431
1371,BTN,KK,0.109969,17.1206,11.7781,5.3426
1371,BTN,AKo,3e-06,10.2458,9.7171,0.5287
1371,BTN,A2s,0.0,6.0066,6.8086,-0.802
1371,BTN,A3s,0.0,6.2814,6.8615,-0.5801
1371,BTN,A4s,0.0,7.0797,6.9184,0.1613
1371,BTN,A5s,0.0,6.4277,7.073,-0.6453
1371,BTN,A6s,0.0,6.7174,7.1961,-0.4788
1371,BTN,A7s,0.0,8.0236,7.3343,0.6893
1371,BTN,A8s,3e-06,6.8496,7.6599,-0.8104
1371,BTN,A9s,0.02109,8.1906,8.0996,0.091
1371,BTN,ATs,0.054201,7.9392,8.4478,-0.5086
1371,BTN,AJs,0.04158,6.8772,8.9718,-2.0946
1371,BTN,AQs,0.000193,10.5883,9.6224,0.9658
1371,BTN,AKs,4e-06,10.7534,9.8308,0.9226
1371,BTN,AA,0.127552,18.6705,12.7249,5.9456
