node,decision,q,class,best_legacy,best_solved,ev_shift_bb,actor_reach_before
28,k1_BTN,0.3124,A3o,Raise 2,Fold,-0.009,0.00905
28,k1_BTN,0.3124,44,Raise 2,All-in 30,-0.1383,0.004525
28,k1_BTN,0.3124,A4o,Raise 2,Fold,-0.0475,0.00905
28,k1_BTN,0.3124,54s,Raise 2,Fold,-0.2141,0.003017
28,k1_BTN,0.3124,55,All-in 30,Raise 2,0.0745,0.004525
28,k1_BTN,0.3124,65o,Fold,Raise 2,0.0162,0.00905
28,k1_BTN,0.3124,63s,Fold,Raise 2,0.1508,0.003017
28,k1_BTN,0.3124,66,Raise 2,All-in 30,-0.4397,0.004525
28,k1_BTN,0.3124,86o,Fold,Raise 2,0.169,0.00905
28,k1_BTN,0.3124,T6o,Fold,Raise 2,0.2063,0.00905
28,k1_BTN,0.3124,Q6o,Fold,Raise 2,0.1933,0.00905
28,k1_BTN,0.3124,K6o,Fold,Raise 2,0.2262,0.00905
28,k1_BTN,0.3124,75s,Raise 2,Fold,-0.3111,0.003017
28,k1_BTN,0.3124,85s,Raise 2,Fold,-0.1559,0.003017
28,k1_BTN,0.3124,T8o,Raise 2,Fold,-0.0361,0.00905
28,k1_BTN,0.3124,98s,Raise 2,All-in 30,-0.1984,0.003017
28,k1_BTN,0.3124,T9s,Raise 2,All-in 30,-0.0695,0.003017
28,k1_BTN,0.3124,J6s,Fold,Raise 2,0.1547,0.003017
28,k1_BTN,0.3124,Q3s,Fold,Raise 2,0.052,0.003017
28,k1_BTN,0.3124,K2s,Raise 2,Fold,-0.0113,0.003017
28,k1_BTN,0.3124,A5s,Raise 2,All-in 30,-0.1043,0.003017
28,k3_BB,1.0,32o,Call 2,Fold,-0.6707,0.00905
28,k3_BB,1.0,42o,Call 2,Fold,-0.6268,0.00905
28,k3_BB,1.0,52o,Call 2,Fold,-1.4272,0.00905
28,k3_BB,1.0,72o,Call 2,Fold,-0.5596,0.00905
28,k3_BB,1.0,82o,Call 2,Fold,-0.9406,0.00905
28,k3_BB,1.0,Q2o,Call 2,Fold,-0.228,0.00905
28,k3_BB,1.0,A2o,Call 2,All-in 30,-0.3848,0.00905
28,k3_BB,1.0,32s,Call 2,All-in 30,-0.5492,0.003017
28,k3_BB,1.0,43o,Call 2,Fold,-0.8884,0.00905
28,k3_BB,1.0,53o,Call 2,Fold,-0.6659,0.00905
28,k3_BB,1.0,73o,Call 2,Fold,-0.2671,0.00905
28,k3_BB,1.0,93o,Fold,Call 2,0.1406,0.00905
28,k3_BB,1.0,A3o,Call 2,All-in 30,-0.1983,0.00905
28,k3_BB,1.0,42s,Call 2,All-in 30,-0.5342,0.003017
28,k3_BB,1.0,43s,Call 2,All-in 30,-0.8483,0.003017
28,k3_BB,1.0,44,Call 2,All-in 30,-0.9649,0.004525
28,k3_BB,1.0,54o,Call 2,All-in 30,-0.9702,0.00905
28,k3_BB,1.0,84o,Call 2,Fold,-0.9578,0.00905
28,k3_BB,1.0,94o,Call 2,Fold,-0.176,0.00905
28,k3_BB,1.0,52s,Call 2,All-in 30,-1.6653,0.003017
28,k3_BB,1.0,53s,Call 2,All-in 30,-0.6388,0.003017
28,k3_BB,1.0,54s,Call 2,All-in 30,-0.8407,0.003017
28,k3_BB,1.0,55,All-in 30,Call 2,1.4714,0.004525
28,k3_BB,1.0,75o,Call 2,Fold,-0.9486,0.00905
28,k3_BB,1.0,85o,Call 2,Fold,-0.6575,0.00905
28,k3_BB,1.0,95o,Fold,Call 2,0.4807,0.00905
28,k3_BB,1.0,72s,Call 2,Fold,-0.619,0.003017
28,k3_BB,1.0,75s,Call 2,All-in 30,-1.0543,0.003017
28,k3_BB,1.0,77,All-in 30,Call 2,0.7088,0.004525
28,k3_BB,1.0,87o,Call 2,All-in 30,-0.5338,0.00905
28,k3_BB,1.0,T7o,Call 2,All-in 30,-0.1807,0.00905
28,k3_BB,1.0,J7o,Call 2,Fold,-0.3109,0.00905
28,k3_BB,1.0,82s,Call 2,All-in 30,-0.9971,0.003017
28,k3_BB,1.0,83s,Call 2,All-in 30,-0.5236,0.003017
28,k3_BB,1.0,84s,Call 2,All-in 30,-0.6974,0.003017
28,k3_BB,1.0,85s,Call 2,All-in 30,-0.5713,0.003017
28,k3_BB,1.0,98o,Call 2,All-in 30,-0.775,0.00905
28,k3_BB,1.0,T8o,Call 2,All-in 30,-0.2509,0.00905
28,k3_BB,1.0,J8o,Call 2,All-in 30,-0.4652,0.00905
28,k3_BB,1.0,Q8o,Call 2,All-in 30,-0.2222,0.00905
28,k3_BB,1.0,K8o,Call 2,All-in 30,-0.4274,0.00905
28,k3_BB,1.0,A8o,Call 2,3-bet 7,-0.6469,0.00905
28,k3_BB,1.0,98s,Call 2,All-in 30,-0.8548,0.003017
28,k3_BB,1.0,T9o,All-in 30,Call 2,0.2424,0.00905
28,k3_BB,1.0,QTo,All-in 30,Call 2,0.4258,0.00905
28,k3_BB,1.0,J2s,Call 2,All-in 30,-0.4344,0.003017
28,k3_BB,1.0,J3s,Call 2,All-in 30,-0.4727,0.003017
28,k3_BB,1.0,J4s,Call 2,All-in 30,-0.4164,0.003017
28,k3_BB,1.0,J5s,Call 2,All-in 30,-0.5805,0.003017
28,k3_BB,1.0,J7s,Call 2,All-in 30,-0.3766,0.003017
28,k3_BB,1.0,J8s,Call 2,All-in 30,-0.4736,0.003017
28,k3_BB,1.0,KQo,All-in 30,Call 2,0.7065,0.00905
28,k3_BB,1.0,KK,All-in 30,Call 2,0.637,0.004525
28,k3_BB,1.0,A2s,Call 2,All-in 30,-0.2558,0.003017
28,k3_BB,1.0,AA,Call 2,All-in 30,-0.1236,0.004525
6,k2_SB,0.6984,Q2o,Raise 2.5,Fold,-0.5471,0.00905
6,k2_SB,0.6984,Q3o,Raise 2.5,Fold,-0.3105,0.00905
6,k2_SB,0.6984,43s,Fold,Raise 2.5,0.4198,0.003017
6,k2_SB,0.6984,J4o,Raise 2.5,Fold,-0.7656,0.00905
6,k2_SB,0.6984,Q4o,Raise 2.5,Fold,-0.4267,0.00905
6,k2_SB,0.6984,53s,Fold,Raise 2.5,0.4521,0.003017
6,k2_SB,0.6984,54s,All-in 30,Raise 2.5,0.618,0.003017
6,k2_SB,0.6984,55,All-in 30,Raise 2.5,0.9503,0.004525
6,k2_SB,0.6984,65o,Fold,Raise 2.5,1.1685,0.00905
6,k2_SB,0.6984,75o,Fold,Raise 2.5,0.3327,0.00905
6,k2_SB,0.6984,95o,Fold,Raise 2.5,0.3359,0.00905
6,k2_SB,0.6984,J5o,Raise 2.5,Fold,-0.4865,0.00905
6,k2_SB,0.6984,62s,Fold,Raise 2.5,0.6109,0.003017
6,k2_SB,0.6984,63s,Fold,Raise 2.5,0.8942,0.003017
6,k2_SB,0.6984,64s,All-in 30,Raise 2.5,0.602,0.003017
6,k2_SB,0.6984,65s,All-in 30,Raise 2.5,1.2061,0.003017
6,k2_SB,0.6984,66,Raise 2.5,All-in 30,-0.3192,0.004525
6,k2_SB,0.6984,76o,Fold,Raise 2.5,0.7257,0.00905
6,k2_SB,0.6984,86o,Fold,Raise 2.5,0.9794,0.00905
6,k2_SB,0.6984,96o,Fold,Raise 2.5,0.6703,0.00905
6,k2_SB,0.6984,T6o,Fold,Raise 2.5,0.737,0.00905
6,k2_SB,0.6984,J6o,Raise 2.5,Fold,-0.1262,0.00905
6,k2_SB,0.6984,A6o,All-in 30,Raise 2.5,0.4898,0.00905
6,k2_SB,0.6984,74s,All-in 30,Raise 2.5,0.3925,0.003017
6,k2_SB,0.6984,75s,All-in 30,Raise 2.5,0.4377,0.003017
6,k2_SB,0.6984,76s,All-in 30,Raise 2.5,0.7817,0.003017
6,k2_SB,0.6984,87o,Fold,Raise 2.5,0.108,0.00905
6,k2_SB,0.6984,97o,Fold,Raise 2.5,0.27,0.00905
6,k2_SB,0.6984,J7o,Raise 2.5,Fold,-0.312,0.00905
6,k2_SB,0.6984,A7o,All-in 30,Raise 2.5,0.3085,0.00905
6,k2_SB,0.6984,85s,All-in 30,Raise 2.5,0.4199,0.003017
6,k2_SB,0.6984,86s,All-in 30,Raise 2.5,1.1693,0.003017
6,k2_SB,0.6984,J8o,Raise 2.5,Fold,-0.2764,0.00905
6,k2_SB,0.6984,93s,Fold,Raise 2.5,0.3254,0.003017
6,k2_SB,0.6984,94s,Fold,Raise 2.5,0.3396,0.003017
6,k2_SB,0.6984,95s,Fold,Raise 2.5,0.3636,0.003017
6,k2_SB,0.6984,96s,All-in 30,Raise 2.5,0.7385,0.003017
6,k2_SB,0.6984,97s,All-in 30,Raise 2.5,0.9196,0.003017
6,k2_SB,0.6984,J9o,Raise 2.5,All-in 30,-0.2857,0.00905
6,k2_SB,0.6984,A9o,All-in 30,Raise 2.5,0.5645,0.00905
6,k2_SB,0.6984,T2s,Fold,Raise 2.5,0.1081,0.003017
6,k2_SB,0.6984,T3s,Fold,Raise 2.5,0.3185,0.003017
6,k2_SB,0.6984,T4s,Fold,Raise 2.5,0.3157,0.003017
6,k2_SB,0.6984,T6s,All-in 30,Raise 2.5,0.9517,0.003017
6,k2_SB,0.6984,T7s,All-in 30,Raise 2.5,0.3533,0.003017
6,k2_SB,0.6984,T8s,All-in 30,Raise 2.5,0.6065,0.003017
6,k2_SB,0.6984,T9s,All-in 30,Raise 2.5,0.2293,0.003017
6,k2_SB,0.6984,JTo,All-in 30,Raise 2.5,0.4297,0.00905
6,k2_SB,0.6984,ATo,All-in 30,Raise 2.5,0.5781,0.00905
6,k2_SB,0.6984,J2s,Raise 2.5,Fold,-0.3996,0.003017
6,k2_SB,0.6984,J3s,Raise 2.5,Fold,-0.3466,0.003017
6,k2_SB,0.6984,J4s,Raise 2.5,Fold,-0.3579,0.003017
6,k2_SB,0.6984,J5s,Raise 2.5,Fold,-0.2431,0.003017
6,k2_SB,0.6984,J8s,All-in 30,Raise 2.5,0.1289,0.003017
6,k2_SB,0.6984,J9s,Raise 2.5,All-in 30,-0.0406,0.003017
6,k2_SB,0.6984,QJo,All-in 30,Raise 2.5,0.4956,0.00905
6,k2_SB,0.6984,KJo,All-in 30,Raise 2.5,0.7421,0.00905
6,k2_SB,0.6984,AJo,All-in 30,Raise 2.5,0.1705,0.00905
6,k2_SB,0.6984,Q2s,Raise 2.5,Fold,-0.2065,0.003017
6,k2_SB,0.6984,Q9s,All-in 30,Raise 2.5,0.1447,0.003017
6,k2_SB,0.6984,KQo,All-in 30,Raise 2.5,1.0105,0.00905
6,k2_SB,0.6984,AQo,All-in 30,Raise 2.5,0.5955,0.00905
6,k2_SB,0.6984,AKo,All-in 30,Raise 2.5,0.5446,0.00905
6,k2_SB,0.6984,A3s,All-in 30,Raise 2.5,0.3209,0.003017
6,k2_SB,0.6984,A4s,All-in 30,Raise 2.5,0.4542,0.003017
6,k2_SB,0.6984,A6s,All-in 30,Raise 2.5,0.709,0.003017
6,k2_SB,0.6984,A7s,All-in 30,Raise 2.5,0.5681,0.003017
6,k3_BB,1.0,32o,Call 2.5,3-bet 8.8,-1.0371,0.00905
6,k3_BB,1.0,42o,Call 2.5,3-bet 8.8,-1.0243,0.00905
6,k3_BB,1.0,52o,Call 2.5,3-bet 8.8,-0.9289,0.00905
6,k3_BB,1.0,62o,Call 2.5,3-bet 8.8,-0.1231,0.00905
6,k3_BB,1.0,72o,Call 2.5,3-bet 8.8,-1.1563,0.00905
6,k3_BB,1.0,82o,Call 2.5,3-bet 8.8,-1.7464,0.00905
6,k3_BB,1.0,92o,Call 2.5,3-bet 8.8,-0.8037,0.00905
6,k3_BB,1.0,T2o,Call 2.5,3-bet 8.8,-1.026,0.00905
6,k3_BB,1.0,J2o,Call 2.5,3-bet 8.8,-1.8198,0.00905
6,k3_BB,1.0,Q2o,Call 2.5,3-bet 8.8,-1.1024,0.00905
6,k3_BB,1.0,43o,Call 2.5,3-bet 8.8,-0.8581,0.00905
6,k3_BB,1.0,53o,Call 2.5,3-bet 8.8,-0.5789,0.00905
6,k3_BB,1.0,63o,Call 2.5,3-bet 8.8,-0.4993,0.00905
6,k3_BB,1.0,73o,Call 2.5,3-bet 8.8,-0.8732,0.00905
6,k3_BB,1.0,83o,Call 2.5,3-bet 8.8,-1.3732,0.00905
6,k3_BB,1.0,93o,Call 2.5,3-bet 8.8,-0.4319,0.00905
6,k3_BB,1.0,T3o,Call 2.5,3-bet 8.8,-0.6426,0.00905
6,k3_BB,1.0,J3o,Call 2.5,3-bet 8.8,-1.4059,0.00905
6,k3_BB,1.0,Q3o,Call 2.5,3-bet 8.8,-0.7186,0.00905
6,k3_BB,1.0,A3o,All-in 30,Call 2.5,0.1771,0.00905
6,k3_BB,1.0,42s,Call 2.5,3-bet 8.8,-0.3748,0.003017
6,k3_BB,1.0,54o,Call 2.5,3-bet 8.8,-0.3948,0.00905
6,k3_BB,1.0,64o,Call 2.5,3-bet 8.8,-0.2264,0.00905
6,k3_BB,1.0,74o,Call 2.5,3-bet 8.8,-0.2109,0.00905
6,k3_BB,1.0,84o,Call 2.5,3-bet 8.8,-1.6151,0.00905
6,k3_BB,1.0,94o,Call 2.5,3-bet 8.8,-0.6664,0.00905
6,k3_BB,1.0,T4o,Call 2.5,3-bet 8.8,-0.8756,0.00905
6,k3_BB,1.0,J4o,Call 2.5,3-bet 8.8,-1.6732,0.00905
6,k3_BB,1.0,Q4o,Call 2.5,3-bet 8.8,-0.9519,0.00905
6,k3_BB,1.0,A4o,All-in 30,Call 2.5,0.2179,0.00905
6,k3_BB,1.0,52s,Call 2.5,All-in 30,-0.5913,0.003017
6,k3_BB,1.0,53s,Call 2.5,All-in 30,-0.2105,0.003017
6,k3_BB,1.0,75o,Call 2.5,3-bet 8.8,-0.3645,0.00905
6,k3_BB,1.0,85o,Call 2.5,3-bet 8.8,-0.6994,0.00905
6,k3_BB,1.0,T5o,Call 2.5,3-bet 8.8,-0.2256,0.00905
6,k3_BB,1.0,J5o,Call 2.5,3-bet 8.8,-1.0616,0.00905
6,k3_BB,1.0,Q5o,Call 2.5,3-bet 8.8,-0.3338,0.00905
6,k3_BB,1.0,64s,All-in 30,Call 2.5,0.2599,0.003017
6,k3_BB,1.0,65s,All-in 30,Call 2.5,1.3448,0.003017
6,k3_BB,1.0,J6o,Call 2.5,3-bet 8.8,-0.4937,0.00905
6,k3_BB,1.0,72s,Call 2.5,3-bet 8.8,-0.8156,0.003017
6,k3_BB,1.0,73s,Call 2.5,3-bet 8.8,-0.4781,0.003017
6,k3_BB,1.0,74s,All-in 30,Call 2.5,0.174,0.003017
6,k3_BB,1.0,76s,All-in 30,Call 2.5,0.5238,0.003017
6,k3_BB,1.0,77,All-in 30,Call 2.5,2.4835,0.004525
6,k3_BB,1.0,T7o,Call 2.5,All-in 30,-0.5317,0.00905
6,k3_BB,1.0,J7o,Call 2.5,3-bet 8.8,-1.0036,0.00905
6,k3_BB,1.0,82s,Call 2.5,3-bet 8.8,-1.1619,0.003017
6,k3_BB,1.0,83s,Call 2.5,3-bet 8.8,-0.7877,0.003017
6,k3_BB,1.0,85s,Call 2.5,All-in 30,-0.0477,0.003017
6,k3_BB,1.0,86s,All-in 30,Call 2.5,1.2755,0.003017
6,k3_BB,1.0,T8o,Call 2.5,All-in 30,-0.3983,0.00905
6,k3_BB,1.0,J8o,Call 2.5,3-bet 8.8,-1.1092,0.00905
6,k3_BB,1.0,Q8o,Call 2.5,3-bet 8.8,-0.7347,0.00905
6,k3_BB,1.0,A8o,All-in 30,Call 2.5,0.2566,0.00905
6,k3_BB,1.0,92s,Call 2.5,3-bet 8.8,-0.4911,0.003017
6,k3_BB,1.0,93s,Call 2.5,All-in 30,-0.0835,0.003017
6,k3_BB,1.0,95s,All-in 30,Call 2.5,0.1591,0.003017
6,k3_BB,1.0,96s,All-in 30,Call 2.5,0.6543,0.003017
6,k3_BB,1.0,97s,All-in 30,Call 2.5,1.513,0.003017
6,k3_BB,1.0,99,All-in 30,Call 2.5,2.6374,0.004525
6,k3_BB,1.0,J9o,Call 2.5,3-bet 8.8,-1.1108,0.00905
6,k3_BB,1.0,A9o,All-in 30,Call 2.5,1.2513,0.00905
6,k3_BB,1.0,T2s,Call 2.5,All-in 30,-0.3938,0.003017
6,k3_BB,1.0,T4s,All-in 30,Call 2.5,0.0638,0.003017
6,k3_BB,1.0,T6s,All-in 30,Call 2.5,1.049,0.003017
6,k3_BB,1.0,T7s,All-in 30,Call 2.5,0.1595,0.003017
6,k3_BB,1.0,T8s,All-in 30,Call 2.5,0.594,0.003017
6,k3_BB,1.0,ATo,All-in 30,Call 2.5,1.2304,0.00905
6,k3_BB,1.0,J2s,Call 2.5,3-bet 8.8,-0.9896,0.003017
6,k3_BB,1.0,J3s,Call 2.5,3-bet 8.8,-0.9449,0.003017
6,k3_BB,1.0,J4s,Call 2.5,3-bet 8.8,-0.8985,0.003017
6,k3_BB,1.0,J5s,Call 2.5,3-bet 8.8,-0.7002,0.003017
6,k3_BB,1.0,J7s,Call 2.5,3-bet 8.8,-0.512,0.003017
6,k3_BB,1.0,J8s,Call 2.5,All-in 30,-0.3057,0.003017
6,k3_BB,1.0,JTs,All-in 30,Call 2.5,1.0078,0.003017
6,k3_BB,1.0,QJo,All-in 30,Call 2.5,1.2474,0.00905
6,k3_BB,1.0,KJo,All-in 30,Call 2.5,2.4336,0.00905
6,k3_BB,1.0,Q2s,Call 2.5,3-bet 8.8,-0.4249,0.003017
6,k3_BB,1.0,QTs,All-in 30,Call 2.5,1.6568,0.003017
6,k3_BB,1.0,QJs,All-in 30,Call 2.5,1.8451,0.003017
6,k3_BB,1.0,QQ,All-in 30,Call 2.5,3.7524,0.004525
6,k3_BB,1.0,KQo,All-in 30,Call 2.5,3.4659,0.00905
6,k3_BB,1.0,AQo,All-in 30,Call 2.5,2.2657,0.00905
6,k3_BB,1.0,KTs,All-in 30,Call 2.5,2.9785,0.003017
6,k3_BB,1.0,KJs,All-in 30,Call 2.5,2.8397,0.003017
6,k3_BB,1.0,KQs,All-in 30,Call 2.5,3.8535,0.003017
6,k3_BB,1.0,KK,All-in 30,Call 2.5,5.9394,0.004525
6,k3_BB,1.0,AKo,All-in 30,Call 2.5,2.1297,0.00905
6,k3_BB,1.0,A2s,All-in 30,Call 2.5,0.7842,0.003017
6,k3_BB,1.0,A3s,All-in 30,Call 2.5,0.935,0.003017
6,k3_BB,1.0,A4s,All-in 30,Call 2.5,1.2527,0.003017
6,k3_BB,1.0,A5s,All-in 30,Call 2.5,0.8163,0.003017
6,k3_BB,1.0,A6s,All-in 30,Call 2.5,1.5175,0.003017
6,k3_BB,1.0,A7s,All-in 30,Call 2.5,1.3228,0.003017
6,k3_BB,1.0,A8s,All-in 30,Call 2.5,1.282,0.003017
6,k3_BB,1.0,A9s,All-in 30,Call 2.5,1.7606,0.003017
6,k3_BB,1.0,ATs,All-in 30,Call 2.5,2.1492,0.003017
6,k3_BB,1.0,AJs,All-in 30,Call 2.5,1.5517,0.003017
6,k3_BB,1.0,AQs,All-in 30,Call 2.5,2.9411,0.003017
6,k3_BB,1.0,AKs,All-in 30,Call 2.5,2.4025,0.003017
6,k3_BB,1.0,AA,All-in 30,Call 2.5,7.4223,0.004525
228,k0_CO,0.2659,A5o,Raise 2,Fold,-0.09,0.00905
228,k0_CO,0.2659,66,Raise 2,All-in 30,-0.0903,0.004525
228,k0_CO,0.2659,K6o,Fold,Raise 2,0.2245,0.00905
228,k0_CO,0.2659,97s,Fold,Raise 2,0.3842,0.003017
228,k0_CO,0.2659,98s,Fold,Raise 2,0.1717,0.003017
228,k0_CO,0.2659,T9o,Fold,Raise 2,0.1558,0.00905
228,k0_CO,0.2659,JTo,Fold,Raise 2,0.2465,0.00905
228,k0_CO,0.2659,J7s,Fold,Raise 2,0.1554,0.003017
228,k0_CO,0.2659,J8s,Fold,Raise 2,0.2195,0.003017
228,k0_CO,0.2659,JTs,All-in 30,Raise 2,0.319,0.003017
228,k0_CO,0.2659,AJo,Raise 2,All-in 30,-0.0736,0.00905
228,k0_CO,0.2659,Q6s,Fold,Raise 2,0.3181,0.003017
228,k0_CO,0.2659,Q7s,Fold,Raise 2,0.1837,0.003017
228,k0_CO,0.2659,QTs,All-in 30,Raise 2,0.2668,0.003017
228,k0_CO,0.2659,KQo,All-in 30,Raise 2,0.1805,0.00905
228,k0_CO,0.2659,AQo,All-in 30,Raise 2,0.0763,0.00905
228,k0_CO,0.2659,K3s,Fold,Raise 2,0.1288,0.003017
228,k0_CO,0.2659,K5s,Fold,Raise 2,0.2374,0.003017
228,k0_CO,0.2659,KTs,All-in 30,Raise 2,0.2419,0.003017
228,k0_CO,0.2659,AKo,All-in 30,Raise 2,0.0474,0.00905
228,k3_BB,1.0,22,Call 2,All-in 30,-1.641,0.004525
228,k3_BB,1.0,32o,Call 2,Fold,-1.2065,0.00905
228,k3_BB,1.0,42o,Call 2,Fold,-1.1609,0.00905
228,k3_BB,1.0,52o,Call 2,All-in 30,-1.3014,0.00905
228,k3_BB,1.0,72o,Call 2,Fold,-1.0516,0.00905
228,k3_BB,1.0,82o,Call 2,Fold,-1.4519,0.00905
228,k3_BB,1.0,92o,Call 2,Fold,-0.9286,0.00905
228,k3_BB,1.0,T2o,Call 2,Fold,-1.0292,0.00905
228,k3_BB,1.0,J2o,Call 2,Fold,-1.3694,0.00905
228,k3_BB,1.0,Q2o,Call 2,Fold,-0.7714,0.00905
228,k3_BB,1.0,K2o,Call 2,All-in 30,-0.8733,0.00905
228,k3_BB,1.0,A2o,Call 2,All-in 30,-1.2663,0.00905
228,k3_BB,1.0,32s,Call 2,All-in 30,-0.9799,0.003017
228,k3_BB,1.0,43o,Call 2,All-in 30,-1.0931,0.00905
228,k3_BB,1.0,53o,Call 2,All-in 30,-1.0678,0.00905
228,k3_BB,1.0,73o,Call 2,Fold,-0.8247,0.00905
228,k3_BB,1.0,83o,Call 2,Fold,-1.1463,0.00905
228,k3_BB,1.0,93o,Call 2,Fold,-0.6433,0.00905
228,k3_BB,1.0,T3o,Call 2,Fold,-0.7309,0.00905
228,k3_BB,1.0,J3o,Call 2,Fold,-1.0646,0.00905
228,k3_BB,1.0,A3o,Call 2,All-in 30,-0.9064,0.00905
228,k3_BB,1.0,42s,Call 2,All-in 30,-0.7006,0.003017
228,k3_BB,1.0,43s,Call 2,All-in 30,-0.6035,0.003017
228,k3_BB,1.0,54o,Call 2,All-in 30,-0.8507,0.00905
228,k3_BB,1.0,84o,Call 2,Fold,-1.4011,0.00905
228,k3_BB,1.0,94o,Call 2,Fold,-0.8545,0.00905
228,k3_BB,1.0,T4o,Call 2,Fold,-0.9704,0.00905
228,k3_BB,1.0,J4o,Call 2,All-in 30,-1.3129,0.00905
228,k3_BB,1.0,Q4o,Call 2,All-in 30,-0.7013,0.00905
228,k3_BB,1.0,K4o,Call 2,All-in 30,-0.5838,0.00905
228,k3_BB,1.0,A4o,Call 2,All-in 30,-1.1316,0.00905
228,k3_BB,1.0,52s,Call 2,All-in 30,-1.0548,0.003017
228,k3_BB,1.0,53s,Call 2,All-in 30,-0.7646,0.003017
228,k3_BB,1.0,75o,Call 2,All-in 30,-0.997,0.00905
228,k3_BB,1.0,85o,Call 2,Fold,-1.3727,0.00905
228,k3_BB,1.0,J5o,Call 2,Fold,-1.3253,0.00905
228,k3_BB,1.0,Q5o,Call 2,All-in 30,-0.7237,0.00905
228,k3_BB,1.0,66,Call 2,All-in 30,-1.5812,0.004525
228,k3_BB,1.0,72s,Call 2,Fold,-0.9222,0.003017
228,k3_BB,1.0,73s,Call 2,All-in 30,-0.6534,0.003017
228,k3_BB,1.0,75s,Call 2,All-in 30,-0.6791,0.003017
228,k3_BB,1.0,87o,Call 2,All-in 30,-1.0619,0.00905
228,k3_BB,1.0,T7o,Call 2,All-in 30,-0.8186,0.00905
228,k3_BB,1.0,J7o,Call 2,All-in 30,-1.0551,0.00905
228,k3_BB,1.0,A7o,Call 2,All-in 30,-0.7396,0.00905
228,k3_BB,1.0,82s,Call 2,All-in 30,-1.2304,0.003017
228,k3_BB,1.0,83s,Call 2,All-in 30,-0.8973,0.003017
228,k3_BB,1.0,84s,Call 2,All-in 30,-0.9108,0.003017
228,k3_BB,1.0,85s,Call 2,All-in 30,-0.7837,0.003017
228,k3_BB,1.0,87s,Call 2,All-in 30,-0.6496,0.003017
228,k3_BB,1.0,98o,Call 2,All-in 30,-1.2287,0.00905
228,k3_BB,1.0,T8o,Call 2,All-in 30,-0.7357,0.00905
228,k3_BB,1.0,J8o,Call 2,All-in 30,-1.1479,0.00905
228,k3_BB,1.0,Q8o,Call 2,All-in 30,-0.8207,0.00905
228,k3_BB,1.0,K8o,Call 2,All-in 30,-1.0667,0.00905
228,k3_BB,1.0,A8o,Call 2,All-in 30,-1.365,0.00905
228,k3_BB,1.0,92s,Call 2,All-in 30,-0.7874,0.003017
228,k3_BB,1.0,93s,Call 2,All-in 30,-0.5067,0.003017
228,k3_BB,1.0,94s,Call 2,All-in 30,-0.4503,0.003017
228,k3_BB,1.0,95s,Call 2,All-in 30,-0.2318,0.003017
228,k3_BB,1.0,97s,All-in 30,Call 2,0.907,0.003017
228,k3_BB,1.0,98s,Call 2,All-in 30,-0.8787,0.003017
228,k3_BB,1.0,99,All-in 30,Call 2,1.8239,0.004525
228,k3_BB,1.0,T9o,Call 2,All-in 30,-0.3221,0.00905
228,k3_BB,1.0,J9o,Call 2,All-in 30,-0.9873,0.00905
228,k3_BB,1.0,T2s,Call 2,All-in 30,-0.7333,0.003017
228,k3_BB,1.0,T3s,Call 2,All-in 30,-0.4108,0.003017
228,k3_BB,1.0,T4s,Call 2,All-in 30,-0.3741,0.003017
228,k3_BB,1.0,T5s,Call 2,All-in 30,-0.3038,0.003017
228,k3_BB,1.0,T7s,Call 2,All-in 30,-0.3957,0.003017
228,k3_BB,1.0,T8s,Call 2,All-in 30,-0.1017,0.003017
228,k3_BB,1.0,QTo,Call 2,All-in 30,-0.454,0.00905
228,k3_BB,1.0,J2s,Call 2,All-in 30,-0.9642,0.003017
228,k3_BB,1.0,J3s,Call 2,All-in 30,-0.96,0.003017
228,k3_BB,1.0,J4s,Call 2,All-in 30,-0.9136,0.003017
228,k3_BB,1.0,J5s,Call 2,All-in 30,-1.0775,0.003017
228,k3_BB,1.0,J7s,Call 2,All-in 30,-0.8132,0.003017
228,k3_BB,1.0,J8s,Call 2,All-in 30,-0.6586,0.003017
228,k3_BB,1.0,AJo,Call 2,3-bet 7,-0.6998,0.00905
228,k3_BB,1.0,Q2s,Call 2,All-in 30,-0.4443,0.003017
228,k3_BB,1.0,Q5s,Call 2,All-in 30,-0.2659,0.003017
228,k3_BB,1.0,QTs,All-in 30,Call 2,0.3332,0.003017
228,k3_BB,1.0,QJs,All-in 30,Call 2,0.4707,0.003017
228,k3_BB,1.0,AQo,All-in 30,Call 2,1.0972,0.00905
228,k3_BB,1.0,K2s,Call 2,All-in 30,-0.5861,0.003017
228,k3_BB,1.0,K3s,Call 2,All-in 30,-0.25,0.003017
228,k3_BB,1.0,K4s,Call 2,All-in 30,-0.2518,0.003017
228,k3_BB,1.0,K8s,Call 2,All-in 30,-0.5036,0.003017
228,k3_BB,1.0,KTs,All-in 30,Call 2,0.5441,0.003017
228,k3_BB,1.0,KJs,All-in 30,Call 2,0.2631,0.003017
228,k3_BB,1.0,KQs,All-in 30,Call 2,1.2958,0.003017
228,k3_BB,1.0,KK,3-bet 7,Call 2,6.0029,0.004525
228,k3_BB,1.0,A2s,Call 2,All-in 30,-0.7016,0.003017
228,k3_BB,1.0,A3s,Call 2,All-in 30,-0.3545,0.003017
228,k3_BB,1.0,A4s,Call 2,All-in 30,-0.2504,0.003017
228,k3_BB,1.0,A5s,Call 2,All-in 30,-0.0786,0.003017
228,k3_BB,1.0,AQs,All-in 30,Call 2,1.7951,0.003017
228,k3_BB,1.0,AA,All-in 30,Call 2,7.2384,0.004525
1371,k1_BTN,0.515,44,All-in 30,3-bet 6,1.0329,0.004525
1371,k1_BTN,0.515,55,Call 2,3-bet 6,1.0479,0.004525
1371,k1_BTN,0.515,76s,Fold,3-bet 6,1.6911,0.003017
1371,k1_BTN,0.515,77,Call 2,3-bet 6,1.9775,0.004525
1371,k1_BTN,0.515,86s,Fold,3-bet 6,2.1348,0.003017
1371,k1_BTN,0.515,87s,Fold,3-bet 6,1.7707,0.003017
1371,k1_BTN,0.515,88,All-in 30,3-bet 6,1.0469,0.004525
1371,k1_BTN,0.515,97s,Fold,3-bet 6,2.6384,0.003017
1371,k1_BTN,0.515,99,All-in 30,3-bet 6,1.957,0.004525
1371,k1_BTN,0.515,T7s,Fold,3-bet 6,1.9826,0.003017
1371,k1_BTN,0.515,T8s,Fold,3-bet 6,1.9872,0.003017
1371,k1_BTN,0.515,T9s,All-in 30,3-bet 6,1.444,0.003017
1371,k1_BTN,0.515,TT,All-in 30,3-bet 6,1.6838,0.004525
1371,k1_BTN,0.515,JTo,Fold,3-bet 6,1.6904,0.00905
1371,k1_BTN,0.515,QTo,Fold,3-bet 6,1.5353,0.00905
1371,k1_BTN,0.515,KTo,Fold,3-bet 6,1.5069,0.00905
1371,k1_BTN,0.515,ATo,3-bet 6,Call 2,-0.7447,0.00905
1371,k1_BTN,0.515,JTs,All-in 30,3-bet 6,1.7961,0.003017
1371,k1_BTN,0.515,JJ,All-in 30,3-bet 6,2.1628,0.004525
1371,k1_BTN,0.515,QJo,Fold,3-bet 6,1.5214,0.00905
1371,k1_BTN,0.515,KJo,Call 2,3-bet 6,1.1866,0.00905
1371,k1_BTN,0.515,AJo,3-bet 6,Call 2,-1.4744,0.00905
1371,k1_BTN,0.515,Q9s,Fold,3-bet 6,1.5832,0.003017
1371,k1_BTN,0.515,QTs,All-in 30,3-bet 6,1.7198,0.003017
1371,k1_BTN,0.515,QJs,All-in 30,3-bet 6,1.6721,0.003017
1371,k1_BTN,0.515,KQo,Call 2,3-bet 6,1.4214,0.00905
1371,k1_BTN,0.515,K9s,Fold,3-bet 6,1.4966,0.003017
1371,k1_BTN,0.515,KTs,All-in 30,3-bet 6,1.7461,0.003017
1371,k1_BTN,0.515,KJs,All-in 30,3-bet 6,1.3406,0.003017
1371,k1_BTN,0.515,KQs,All-in 30,3-bet 6,1.6187,0.003017
1371,k1_BTN,0.515,KK,All-in 30,3-bet 6,2.7515,0.004525
1371,k1_BTN,0.515,ATs,3-bet 6,Call 2,-0.2619,0.003017
1371,k1_BTN,0.515,AQs,All-in 30,3-bet 6,0.4974,0.003017
1371,k1_BTN,0.515,AKs,All-in 30,3-bet 6,0.4752,0.003017
1371,k4_CO,1.0,22,Call 6,All-in 30,-1.9019,5e-06
1371,k4_CO,1.0,32o,Call 6,Fold,-1.7449,0.0
1371,k4_CO,1.0,42o,Call 6,Fold,-1.6933,0.0
1371,k4_CO,1.0,52o,Call 6,Fold,-2.0564,0.0
1371,k4_CO,1.0,62o,Fold,Call 6,0.6558,0.0
1371,k4_CO,1.0,32s,Call 6,All-in 30,-1.4762,0.0
1371,k4_CO,1.0,33,Call 6,All-in 30,-0.7319,0.004525
1371,k4_CO,1.0,43o,Call 6,Fold,-1.1485,0.0
1371,k4_CO,1.0,53o,Call 6,Fold,-0.944,0.0
1371,k4_CO,1.0,63o,Call 6,Fold,-0.23,0.0
1371,k4_CO,1.0,73o,Call 6,Fold,-0.4136,0.0
1371,k4_CO,1.0,K3o,Fold,Call 6,0.3801,0.0
1371,k4_CO,1.0,42s,Call 6,All-in 30,-1.172,0.0
1371,k4_CO,1.0,43s,Call 6,All-in 30,-0.5876,0.0
1371,k4_CO,1.0,54o,Call 6,Fold,-0.9321,0.0
1371,k4_CO,1.0,74o,Call 6,Fold,-0.4338,0.0
1371,k4_CO,1.0,84o,Call 6,Fold,-2.0846,0.0
1371,k4_CO,1.0,A4o,Call 6,Fold,-1.8926,0.000553
1371,k4_CO,1.0,52s,Call 6,All-in 30,-1.6642,0.0
1371,k4_CO,1.0,53s,Call 6,All-in 30,-0.4899,0.0
1371,k4_CO,1.0,75o,Call 6,Fold,-0.8195,0.0
1371,k4_CO,1.0,85o,Call 6,Fold,-1.3415,0.0
1371,k4_CO,1.0,95o,Fold,Call 6,0.4738,0.0
1371,k4_CO,1.0,K5o,Fold,Call 6,1.3881,0.0
1371,k4_CO,1.0,A5o,Call 6,Fold,-0.1175,0.009048
1371,k4_CO,1.0,64s,All-in 30,Call 6,0.621,0.0
1371,k4_CO,1.0,65s,All-in 30,Call 6,1.8336,0.0
1371,k4_CO,1.0,66,Call 6,All-in 30,-1.958,0.004525
1371,k4_CO,1.0,T6o,Fold,Call 6,1.3887,0.0
1371,k4_CO,1.0,J6o,Fold,Call 6,0.758,0.0
1371,k4_CO,1.0,Q6o,Fold,Call 6,1.2509,0.0
1371,k4_CO,1.0,A6o,Fold,Call 6,0.0992,0.005543
1371,k4_CO,1.0,72s,Call 6,Fold,-1.2291,0.0
1371,k4_CO,1.0,74s,Call 6,All-in 30,-0.4745,0.0
1371,k4_CO,1.0,76s,All-in 30,Call 6,0.6192,0.0
1371,k4_CO,1.0,87o,Call 6,All-in 30,-0.9502,0.0
1371,k4_CO,1.0,Q7o,Fold,Call 6,0.5077,0.0
1371,k4_CO,1.0,K7o,Call 6,Fold,-0.2891,2e-06
1371,k4_CO,1.0,82s,Call 6,Fold,-2.3258,0.0
1371,k4_CO,1.0,83s,Call 6,Fold,-1.2153,0.0
1371,k4_CO,1.0,84s,Call 6,All-in 30,-1.3964,0.0
1371,k4_CO,1.0,85s,Call 6,All-in 30,-0.436,0.0
1371,k4_CO,1.0,98o,Call 6,All-in 30,-1.8713,0.0
1371,k4_CO,1.0,T8o,Call 6,Fold,-0.9487,0.0
1371,k4_CO,1.0,Q8o,Call 6,Fold,-1.7799,0.0
1371,k4_CO,1.0,K8o,Call 6,Fold,-1.1601,3.5e-05
1371,k4_CO,1.0,92s,Call 6,Fold,-1.5586,0.0
1371,k4_CO,1.0,93s,Call 6,Fold,-0.6499,0.0
1371,k4_CO,1.0,94s,Call 6,Fold,-0.5839,0.0
1371,k4_CO,1.0,97s,All-in 30,Call 6,1.6821,0.0
1371,k4_CO,1.0,K9o,Call 6,Fold,-0.219,0.009046
1371,k4_CO,1.0,T3s,Call 6,Fold,-0.503,0.0
1371,k4_CO,1.0,T4s,Call 6,Fold,-0.3463,0.0
1371,k4_CO,1.0,T7s,Call 6,All-in 30,-0.2789,0.0
1371,k4_CO,1.0,TT,Call 6,All-in 30,-0.1616,0.004525
1371,k4_CO,1.0,QTo,Call 6,Fold,-1.449,0.009048
1371,k4_CO,1.0,KTo,Fold,Call 6,0.1493,0.00905
1371,k4_CO,1.0,ATo,Call 6,Fold,-2.4045,0.00905
1371,k4_CO,1.0,J2s,Call 6,Fold,-1.7038,0.0
1371,k4_CO,1.0,J3s,Call 6,Fold,-1.4724,0.0
1371,k4_CO,1.0,J4s,Call 6,Fold,-1.4034,0.0
1371,k4_CO,1.0,J5s,Call 6,Fold,-1.7785,0.0
1371,k4_CO,1.0,J7s,Call 6,Fold,-1.2312,0.0
1371,k4_CO,1.0,J8s,Call 6,All-in 30,-1.3349,2.3e-05
1371,k4_CO,1.0,J9s,Call 6,All-in 30,-1.8687,0.003015
1371,k4_CO,1.0,AJo,Call 6,All-in 30,-2.2828,0.00905
1371,k4_CO,1.0,Q2s,Call 6,Fold,-1.4244,0.0
1371,k4_CO,1.0,Q5s,Call 6,Fold,-0.6182,0.0
1371,k4_CO,1.0,Q8s,Call 6,Fold,-1.0722,0.003009
1371,k4_CO,1.0,QTs,Call 6,All-in 30,-0.4047,0.002339
1371,k4_CO,1.0,QJs,Call 6,All-in 30,-0.7746,0.002973
1371,k4_CO,1.0,QQ,All-in 30,Call 6,2.3999,0.004525
1371,k4_CO,1.0,K2s,Call 6,Fold,-0.7373,0.0
1371,k4_CO,1.0,KJs,Call 6,All-in 30,-0.3969,0.002361
1371,k4_CO,1.0,KK,All-in 30,Call 6,7.6692,0.004525
1371,k4_CO,1.0,AKo,All-in 30,Call 6,3.4001,0.005945
1371,k4_CO,1.0,A2s,Call 6,All-in 30,-1.9388,0.003016
1371,k4_CO,1.0,A4s,Call 6,All-in 30,-0.47,0.003017
1371,k4_CO,1.0,A8s,Call 6,All-in 30,-1.3465,0.003017
1371,k4_CO,1.0,A9s,Call 6,All-in 30,-0.7352,0.003017
1371,k4_CO,1.0,AJs,Call 6,All-in 30,-1.4776,0.003017
1371,k4_CO,1.0,AQs,All-in 30,Call 6,2.2239,0.003017
1371,k4_CO,1.0,AKs,All-in 30,Call 6,3.5475,0.003017
1371,k4_CO,1.0,AA,All-in 30,Call 6,13.1105,0.004525
